ISO-10303-21;
HEADER;
FILE_DESCRIPTION(('Open CASCADE Model'),'2;1');
FILE_NAME('wall_bar_lamp','2026-05-29T16:43:04',('Author'),(
    'Open CASCADE'),'Open CASCADE STEP processor 7.8','build123d',
  'Unknown');
FILE_SCHEMA(('AUTOMOTIVE_DESIGN { 1 0 10303 214 1 1 1 1 }'));
ENDSEC;
DATA;
#1 = APPLICATION_PROTOCOL_DEFINITION('international standard',
  'automotive_design',2000,#2);
#2 = APPLICATION_CONTEXT(
  'core data for automotive mechanical design processes');
#3 = SHAPE_DEFINITION_REPRESENTATION(#4,#10);
#4 = PRODUCT_DEFINITION_SHAPE('','',#5);
#5 = PRODUCT_DEFINITION('design','',#6,#9);
#6 = PRODUCT_DEFINITION_FORMATION('','',#7);
#7 = PRODUCT('wall_bar_lamp','wall_bar_lamp','',(#8));
#8 = PRODUCT_CONTEXT('',#2,'mechanical');
#9 = PRODUCT_DEFINITION_CONTEXT('part definition',#2,'design');
#10 = SHAPE_REPRESENTATION('',(#11,#15,#19,#23,#27,#31),#35);
#11 = AXIS2_PLACEMENT_3D('',#12,#13,#14);
#12 = CARTESIAN_POINT('',(0.,0.,0.));
#13 = DIRECTION('',(0.,0.,1.));
#14 = DIRECTION('',(1.,0.,-0.));
#15 = AXIS2_PLACEMENT_3D('',#16,#17,#18);
#16 = CARTESIAN_POINT('',(0.,0.,0.));
#17 = DIRECTION('',(0.,0.,1.));
#18 = DIRECTION('',(1.,0.,-0.));
#19 = AXIS2_PLACEMENT_3D('',#20,#21,#22);
#20 = CARTESIAN_POINT('',(-75.,0.,0.));
#21 = DIRECTION('',(0.,0.,1.));
#22 = DIRECTION('',(1.,0.,-0.));
#23 = AXIS2_PLACEMENT_3D('',#24,#25,#26);
#24 = CARTESIAN_POINT('',(75.,0.,0.));
#25 = DIRECTION('',(0.,0.,1.));
#26 = DIRECTION('',(1.,0.,-0.));
#27 = AXIS2_PLACEMENT_3D('',#28,#29,#30);
#28 = CARTESIAN_POINT('',(-155.,0.,0.));
#29 = DIRECTION('',(0.,0.,1.));
#30 = DIRECTION('',(1.,0.,-0.));
#31 = AXIS2_PLACEMENT_3D('',#32,#33,#34);
#32 = CARTESIAN_POINT('',(155.,0.,0.));
#33 = DIRECTION('',(0.,0.,1.));
#34 = DIRECTION('',(1.,0.,-0.));
#35 = ( GEOMETRIC_REPRESENTATION_CONTEXT(3) 
GLOBAL_UNCERTAINTY_ASSIGNED_CONTEXT((#39)) GLOBAL_UNIT_ASSIGNED_CONTEXT(
(#36,#37,#38)) REPRESENTATION_CONTEXT('Context #1',
  '3D Context with UNIT and UNCERTAINTY') );
#36 = ( LENGTH_UNIT() NAMED_UNIT(*) SI_UNIT(.MILLI.,.METRE.) );
#37 = ( NAMED_UNIT(*) PLANE_ANGLE_UNIT() SI_UNIT($,.RADIAN.) );
#38 = ( NAMED_UNIT(*) SI_UNIT($,.STERADIAN.) SOLID_ANGLE_UNIT() );
#39 = UNCERTAINTY_MEASURE_WITH_UNIT(LENGTH_MEASURE(1.E-06),#36,
  'distance_accuracy_value','confusion accuracy');
#40 = PRODUCT_RELATED_PRODUCT_CATEGORY('part',$,(#7));
#41 = SHAPE_DEFINITION_REPRESENTATION(#42,#48);
#42 = PRODUCT_DEFINITION_SHAPE('','',#43);
#43 = PRODUCT_DEFINITION('design','',#44,#47);
#44 = PRODUCT_DEFINITION_FORMATION('','',#45);
#45 = PRODUCT('wall_mount','wall_mount','',(#46));
#46 = PRODUCT_CONTEXT('',#2,'mechanical');
#47 = PRODUCT_DEFINITION_CONTEXT('part definition',#2,'design');
#48 = SHAPE_REPRESENTATION('',(#11,#49),#53);
#49 = AXIS2_PLACEMENT_3D('',#50,#51,#52);
#50 = CARTESIAN_POINT('',(0.,0.,0.));
#51 = DIRECTION('',(0.,0.,1.));
#52 = DIRECTION('',(1.,0.,-0.));
#53 = ( GEOMETRIC_REPRESENTATION_CONTEXT(3) 
GLOBAL_UNCERTAINTY_ASSIGNED_CONTEXT((#57)) GLOBAL_UNIT_ASSIGNED_CONTEXT(
(#54,#55,#56)) REPRESENTATION_CONTEXT('Context #1',
  '3D Context with UNIT and UNCERTAINTY') );
#54 = ( LENGTH_UNIT() NAMED_UNIT(*) SI_UNIT(.MILLI.,.METRE.) );
#55 = ( NAMED_UNIT(*) PLANE_ANGLE_UNIT() SI_UNIT($,.RADIAN.) );
#56 = ( NAMED_UNIT(*) SI_UNIT($,.STERADIAN.) SOLID_ANGLE_UNIT() );
#57 = UNCERTAINTY_MEASURE_WITH_UNIT(LENGTH_MEASURE(2.E-06),#54,
  'distance_accuracy_value','confusion accuracy');
#58 = CONTEXT_DEPENDENT_SHAPE_REPRESENTATION(#59,#61);
#59 = ( REPRESENTATION_RELATIONSHIP('','',#48,#10) 
REPRESENTATION_RELATIONSHIP_WITH_TRANSFORMATION(#60) 
SHAPE_REPRESENTATION_RELATIONSHIP() );
#60 = ITEM_DEFINED_TRANSFORMATION('','',#11,#15);
#61 = PRODUCT_DEFINITION_SHAPE('Placement','Placement of an item',#62);
#62 = NEXT_ASSEMBLY_USAGE_OCCURRENCE('376','=>[0:1:1:2]','',#5,#43,$);
#63 = PRODUCT_RELATED_PRODUCT_CATEGORY('part',$,(#45));
#64 = SHAPE_DEFINITION_REPRESENTATION(#65,#71);
#65 = PRODUCT_DEFINITION_SHAPE('','',#66);
#66 = PRODUCT_DEFINITION('design','',#67,#70);
#67 = PRODUCT_DEFINITION_FORMATION('','',#68);
#68 = PRODUCT('SOLID','SOLID','',(#69));
#69 = PRODUCT_CONTEXT('',#2,'mechanical');
#70 = PRODUCT_DEFINITION_CONTEXT('part definition',#2,'design');
#71 = ADVANCED_BREP_SHAPE_REPRESENTATION('',(#11,#72),#1278);
#72 = MANIFOLD_SOLID_BREP('',#73);
#73 = CLOSED_SHELL('',(#74,#193,#575,#815,#842,#913,#921,#948,#991,#1217
    ,#1244,#1251));
#74 = ADVANCED_FACE('',(#75),#89,.T.);
#75 = FACE_BOUND('',#76,.T.);
#76 = EDGE_LOOP('',(#77,#112,#140,#167));
#77 = ORIENTED_EDGE('',*,*,#78,.T.);
#78 = EDGE_CURVE('',#79,#81,#83,.T.);
#79 = VERTEX_POINT('',#80);
#80 = CARTESIAN_POINT('',(16.,-5.,-14.));
#81 = VERTEX_POINT('',#82);
#82 = CARTESIAN_POINT('',(16.,5.,-14.));
#83 = SURFACE_CURVE('',#84,(#88,#100),.PCURVE_S1.);
#84 = LINE('',#85,#86);
#85 = CARTESIAN_POINT('',(16.,-5.,-14.));
#86 = VECTOR('',#87,1.);
#87 = DIRECTION('',(0.,1.,0.));
#88 = PCURVE('',#89,#94);
#89 = PLANE('',#90);
#90 = AXIS2_PLACEMENT_3D('',#91,#92,#93);
#91 = CARTESIAN_POINT('',(0.,-5.,-14.));
#92 = DIRECTION('',(0.,0.,1.));
#93 = DIRECTION('',(0.,1.,0.));
#94 = DEFINITIONAL_REPRESENTATION('',(#95),#99);
#95 = LINE('',#96,#97);
#96 = CARTESIAN_POINT('',(0.,-16.));
#97 = VECTOR('',#98,1.);
#98 = DIRECTION('',(1.,0.));
#99 = ( GEOMETRIC_REPRESENTATION_CONTEXT(2) 
PARAMETRIC_REPRESENTATION_CONTEXT() REPRESENTATION_CONTEXT('2D SPACE',''
  ) );
#100 = PCURVE('',#101,#106);
#101 = PLANE('',#102);
#102 = AXIS2_PLACEMENT_3D('',#103,#104,#105);
#103 = CARTESIAN_POINT('',(16.,2.911851043378E-16,-20.17618089381));
#104 = DIRECTION('',(-1.,-0.,-0.));
#105 = DIRECTION('',(0.,-1.,0.));
#106 = DEFINITIONAL_REPRESENTATION('',(#107),#111);
#107 = LINE('',#108,#109);
#108 = CARTESIAN_POINT('',(5.,6.176180893811));
#109 = VECTOR('',#110,1.);
#110 = DIRECTION('',(-1.,0.));
#111 = ( GEOMETRIC_REPRESENTATION_CONTEXT(2) 
PARAMETRIC_REPRESENTATION_CONTEXT() REPRESENTATION_CONTEXT('2D SPACE',''
  ) );
#112 = ORIENTED_EDGE('',*,*,#113,.T.);
#113 = EDGE_CURVE('',#81,#114,#116,.T.);
#114 = VERTEX_POINT('',#115);
#115 = CARTESIAN_POINT('',(-6.,5.,-14.));
#116 = SURFACE_CURVE('',#117,(#121,#128),.PCURVE_S1.);
#117 = LINE('',#118,#119);
#118 = CARTESIAN_POINT('',(16.,5.,-14.));
#119 = VECTOR('',#120,1.);
#120 = DIRECTION('',(-1.,0.,0.));
#121 = PCURVE('',#89,#122);
#122 = DEFINITIONAL_REPRESENTATION('',(#123),#127);
#123 = LINE('',#124,#125);
#124 = CARTESIAN_POINT('',(10.,-16.));
#125 = VECTOR('',#126,1.);
#126 = DIRECTION('',(0.,1.));
#127 = ( GEOMETRIC_REPRESENTATION_CONTEXT(2) 
PARAMETRIC_REPRESENTATION_CONTEXT() REPRESENTATION_CONTEXT('2D SPACE',''
  ) );
#128 = PCURVE('',#129,#134);
#129 = PLANE('',#130);
#130 = AXIS2_PLACEMENT_3D('',#131,#132,#133);
#131 = CARTESIAN_POINT('',(0.,5.,-14.));
#132 = DIRECTION('',(-0.,0.964763821238,0.263117405792));
#133 = DIRECTION('',(0.,0.263117405792,-0.964763821238));
#134 = DEFINITIONAL_REPRESENTATION('',(#135),#139);
#135 = LINE('',#136,#137);
#136 = CARTESIAN_POINT('',(0.,-16.));
#137 = VECTOR('',#138,1.);
#138 = DIRECTION('',(0.,1.));
#139 = ( GEOMETRIC_REPRESENTATION_CONTEXT(2) 
PARAMETRIC_REPRESENTATION_CONTEXT() REPRESENTATION_CONTEXT('2D SPACE',''
  ) );
#140 = ORIENTED_EDGE('',*,*,#141,.F.);
#141 = EDGE_CURVE('',#142,#114,#144,.T.);
#142 = VERTEX_POINT('',#143);
#143 = CARTESIAN_POINT('',(-6.,-5.,-14.));
#144 = SURFACE_CURVE('',#145,(#149,#156),.PCURVE_S1.);
#145 = LINE('',#146,#147);
#146 = CARTESIAN_POINT('',(-6.,-2.5,-14.));
#147 = VECTOR('',#148,1.);
#148 = DIRECTION('',(-0.,1.,0.));
#149 = PCURVE('',#89,#150);
#150 = DEFINITIONAL_REPRESENTATION('',(#151),#155);
#151 = LINE('',#152,#153);
#152 = CARTESIAN_POINT('',(2.5,6.));
#153 = VECTOR('',#154,1.);
#154 = DIRECTION('',(1.,0.));
#155 = ( GEOMETRIC_REPRESENTATION_CONTEXT(2) 
PARAMETRIC_REPRESENTATION_CONTEXT() REPRESENTATION_CONTEXT('2D SPACE',''
  ) );
#156 = PCURVE('',#157,#162);
#157 = PLANE('',#158);
#158 = AXIS2_PLACEMENT_3D('',#159,#160,#161);
#159 = CARTESIAN_POINT('',(-6.,-7.057755522784E-16,7.788169249974E-16));
#160 = DIRECTION('',(1.,0.,0.));
#161 = DIRECTION('',(0.,1.,0.));
#162 = DEFINITIONAL_REPRESENTATION('',(#163),#166);
#163 = B_SPLINE_CURVE_WITH_KNOTS('',1,(#164,#165),.UNSPECIFIED.,.F.,.F.,
  (2,2),(-2.5,7.5),.PIECEWISE_BEZIER_KNOTS.);
#164 = CARTESIAN_POINT('',(-5.,-14.));
#165 = CARTESIAN_POINT('',(5.,-14.));
#166 = ( GEOMETRIC_REPRESENTATION_CONTEXT(2) 
PARAMETRIC_REPRESENTATION_CONTEXT() REPRESENTATION_CONTEXT('2D SPACE',''
  ) );
#167 = ORIENTED_EDGE('',*,*,#168,.T.);
#168 = EDGE_CURVE('',#142,#79,#169,.T.);
#169 = SURFACE_CURVE('',#170,(#174,#181),.PCURVE_S1.);
#170 = LINE('',#171,#172);
#171 = CARTESIAN_POINT('',(-6.,-5.,-14.));
#172 = VECTOR('',#173,1.);
#173 = DIRECTION('',(1.,0.,0.));
#174 = PCURVE('',#89,#175);
#175 = DEFINITIONAL_REPRESENTATION('',(#176),#180);
#176 = LINE('',#177,#178);
#177 = CARTESIAN_POINT('',(0.,6.));
#178 = VECTOR('',#179,1.);
#179 = DIRECTION('',(0.,-1.));
#180 = ( GEOMETRIC_REPRESENTATION_CONTEXT(2) 
PARAMETRIC_REPRESENTATION_CONTEXT() REPRESENTATION_CONTEXT('2D SPACE',''
  ) );
#181 = PCURVE('',#182,#187);
#182 = PLANE('',#183);
#183 = AXIS2_PLACEMENT_3D('',#184,#185,#186);
#184 = CARTESIAN_POINT('',(0.,-8.,-25.));
#185 = DIRECTION('',(0.,-0.964763821238,0.263117405792));
#186 = DIRECTION('',(0.,0.263117405792,0.964763821238));
#187 = DEFINITIONAL_REPRESENTATION('',(#188),#192);
#188 = LINE('',#189,#190);
#189 = CARTESIAN_POINT('',(11.401754250991,6.));
#190 = VECTOR('',#191,1.);
#191 = DIRECTION('',(0.,-1.));
#192 = ( GEOMETRIC_REPRESENTATION_CONTEXT(2) 
PARAMETRIC_REPRESENTATION_CONTEXT() REPRESENTATION_CONTEXT('2D SPACE',''
  ) );
#193 = ADVANCED_FACE('',(#194,#423),#182,.T.);
#194 = FACE_BOUND('',#195,.T.);
#195 = EDGE_LOOP('',(#196,#297,#325,#353,#381,#402,#403));
#196 = ORIENTED_EDGE('',*,*,#197,.F.);
#197 = EDGE_CURVE('',#198,#200,#202,.T.);
#198 = VERTEX_POINT('',#199);
#199 = CARTESIAN_POINT('',(-9.86173217102,-5.,-14.));
#200 = VERTEX_POINT('',#201);
#201 = CARTESIAN_POINT('',(-6.,-5.167270867264,-14.6133265133));
#202 = SURFACE_CURVE('',#203,(#212,#224),.PCURVE_S1.);
#203 = B_SPLINE_CURVE_WITH_KNOTS('',4,(#204,#205,#206,#207,#208,#209,
    #210,#211),.UNSPECIFIED.,.F.,.F.,(5,3,5),(0.,0.49963792823,1.),
  .UNSPECIFIED.);
#204 = CARTESIAN_POINT('',(-9.86173217102,-5.,-14.));
#205 = CARTESIAN_POINT('',(-9.382975981362,-5.026196094343,
    -14.09605234592));
#206 = CARTESIAN_POINT('',(-8.902802789566,-5.050600766772,
    -14.18553614483));
#207 = CARTESIAN_POINT('',(-8.421380336805,-5.073234965653,
    -14.26852820739));
#208 = CARTESIAN_POINT('',(-7.455641722111,-5.115026549915,
    -14.42176401635));
#209 = CARTESIAN_POINT('',(-6.971322572955,-5.134178842522,
    -14.49198908924));
#210 = CARTESIAN_POINT('',(-6.486056018191,-5.151589508582,
    -14.55582819813));
#211 = CARTESIAN_POINT('',(-5.999982995713,-5.167271417088,
    -14.61332852932));
#212 = PCURVE('',#182,#213);
#213 = DEFINITIONAL_REPRESENTATION('',(#214),#223);
#214 = B_SPLINE_CURVE_WITH_KNOTS('',4,(#215,#216,#217,#218,#219,#220,
    #221,#222),.UNSPECIFIED.,.F.,.F.,(5,3,5),(0.,0.49963792823,1.),
  .UNSPECIFIED.);
#215 = CARTESIAN_POINT('',(11.401754250991,9.86173217102));
#216 = CARTESIAN_POINT('',(11.302193774312,9.382975981362));
#217 = CARTESIAN_POINT('',(11.209441748444,8.902802789566));
#218 = CARTESIAN_POINT('',(11.12341855734,8.421380336805));
#219 = CARTESIAN_POINT('',(10.9645860995,7.455641722111));
#220 = CARTESIAN_POINT('',(10.891796188285,6.971322572955));
#221 = CARTESIAN_POINT('',(10.825625476363,6.486056018191));
#222 = CARTESIAN_POINT('',(10.766025054042,5.999982995713));
#223 = ( GEOMETRIC_REPRESENTATION_CONTEXT(2) 
PARAMETRIC_REPRESENTATION_CONTEXT() REPRESENTATION_CONTEXT('2D SPACE',''
  ) );
#224 = PCURVE('',#225,#286);
#225 = ( BOUNDED_SURFACE() B_SPLINE_SURFACE(14,3,(
    (#226,#227,#228,#229)
    ,(#230,#231,#232,#233)
    ,(#234,#235,#236,#237)
    ,(#238,#239,#240,#241)
    ,(#242,#243,#244,#245)
    ,(#246,#247,#248,#249)
    ,(#250,#251,#252,#253)
    ,(#254,#255,#256,#257)
    ,(#258,#259,#260,#261)
    ,(#262,#263,#264,#265)
    ,(#266,#267,#268,#269)
    ,(#270,#271,#272,#273)
    ,(#274,#275,#276,#277)
    ,(#278,#279,#280,#281)
    ,(#282,#283,#284,#285
)),.UNSPECIFIED.,.T.,.F.,.F.) B_SPLINE_SURFACE_WITH_KNOTS((1,14,14,1),(4
    ,4),(-1.,0.,1.,2.),(0.,1.),.UNSPECIFIED.) 
GEOMETRIC_REPRESENTATION_ITEM() RATIONAL_B_SPLINE_SURFACE((
    (1.,1.,1.,1.)
    ,(1.,1.,1.,1.)
    ,(1.,1.,1.,1.)
    ,(1.,1.,1.,1.)
    ,(1.,1.,1.,1.)
    ,(1.,1.,1.,1.)
    ,(1.,1.,1.,1.)
    ,(1.,1.,1.,1.)
    ,(1.,1.,1.,1.)
    ,(1.,1.,1.,1.)
    ,(1.,1.,1.,1.)
    ,(1.,1.,1.,1.)
    ,(1.,1.,1.,1.)
    ,(1.,1.,1.,1.)
,(1.,1.,1.,1.))) REPRESENTATION_ITEM('') SURFACE() );
#226 = CARTESIAN_POINT('',(-14.,13.8,-2.652801758227E-14));
#227 = CARTESIAN_POINT('',(-5.141608611878,16.551508197344,
    2.040599808724E-14));
#228 = CARTESIAN_POINT('',(5.141608611878,16.551508197344,
    2.040599808724E-14));
#229 = CARTESIAN_POINT('',(14.,13.8,-2.652801758227E-14));
#230 = CARTESIAN_POINT('',(-14.,13.800000000004,6.193425517082));
#231 = CARTESIAN_POINT('',(-5.141608611878,16.551508197343,
    7.428299508378));
#232 = CARTESIAN_POINT('',(5.141608611878,16.551508197343,7.428299508378
    ));
#233 = CARTESIAN_POINT('',(14.,13.800000000004,6.193425517082));
#234 = CARTESIAN_POINT('',(-14.,10.806581815429,12.386853320283));
#235 = CARTESIAN_POINT('',(-5.141608611878,12.96124836984,
    14.856601758699));
#236 = CARTESIAN_POINT('',(5.141608611878,12.96124836984,14.856601758699
    ));
#237 = CARTESIAN_POINT('',(14.,10.806581815429,12.386853320283));
#238 = CARTESIAN_POINT('',(-14.,4.819741619586,17.012906982724));
#239 = CARTESIAN_POINT('',(-5.141608611878,5.780724124956,
    20.405019520651));
#240 = CARTESIAN_POINT('',(5.141608611878,5.780724124956,20.405019520651
    ));
#241 = CARTESIAN_POINT('',(14.,4.819741619586,17.012906982724));
#242 = CARTESIAN_POINT('',(-14.,-3.265226483463,18.504386822369));
#243 = CARTESIAN_POINT('',(-5.141608611878,-3.91626252931,
    22.193877549113));
#244 = CARTESIAN_POINT('',(5.141608611878,-3.91626252931,22.193877549113
    ));
#245 = CARTESIAN_POINT('',(14.,-3.265226483463,18.504386822369));
#246 = CARTESIAN_POINT('',(-14.,-11.65790411345,15.85588068199));
#247 = CARTESIAN_POINT('',(-5.141608611878,-13.98231126828,
    19.017299933571));
#248 = CARTESIAN_POINT('',(5.141608611878,-13.98231126828,
    19.017299933571));
#249 = CARTESIAN_POINT('',(14.,-11.65790411345,15.85588068199));
#250 = CARTESIAN_POINT('',(-14.,-18.06477548303,9.189216384581));
#251 = CARTESIAN_POINT('',(-5.141608611878,-21.66661445538,
    11.02140509548));
#252 = CARTESIAN_POINT('',(5.141608611878,-21.66661445538,11.02140509548
    ));
#253 = CARTESIAN_POINT('',(14.,-18.06477548303,9.189216384581));
#254 = CARTESIAN_POINT('',(-14.,-20.4768347081,2.569073842551E-10));
#255 = CARTESIAN_POINT('',(-5.141608611878,-24.55960127058,
    2.231307757621E-10));
#256 = CARTESIAN_POINT('',(5.141608611878,-24.55960127058,
    2.231307757621E-10));
#257 = CARTESIAN_POINT('',(14.,-20.4768347081,2.569073842551E-10));
#258 = CARTESIAN_POINT('',(-14.,-18.06477548304,-9.189216385051));
#259 = CARTESIAN_POINT('',(-5.141608611878,-21.66661445537,
    -11.02140509589));
#260 = CARTESIAN_POINT('',(5.141608611878,-21.66661445537,
    -11.02140509589));
#261 = CARTESIAN_POINT('',(14.,-18.06477548304,-9.189216385051));
#262 = CARTESIAN_POINT('',(-14.,-11.65790411344,-15.85588068163));
#263 = CARTESIAN_POINT('',(-5.141608611878,-13.9823112683,
    -19.01729993325));
#264 = CARTESIAN_POINT('',(5.141608611878,-13.9823112683,-19.01729993325
    ));
#265 = CARTESIAN_POINT('',(14.,-11.65790411344,-15.85588068163));
#266 = CARTESIAN_POINT('',(-14.,-3.265226483472,-18.50438682259));
#267 = CARTESIAN_POINT('',(-5.141608611878,-3.916262529292,
    -22.19387754931));
#268 = CARTESIAN_POINT('',(5.141608611878,-3.916262529292,
    -22.19387754931));
#269 = CARTESIAN_POINT('',(14.,-3.265226483472,-18.50438682259));
#270 = CARTESIAN_POINT('',(-14.,4.819741619592,-17.01290698261));
#271 = CARTESIAN_POINT('',(-5.141608611878,5.780724124944,
    -20.40501952055));
#272 = CARTESIAN_POINT('',(5.141608611878,5.780724124944,-20.40501952055
    ));
#273 = CARTESIAN_POINT('',(14.,4.819741619592,-17.01290698261));
#274 = CARTESIAN_POINT('',(-14.,10.806581815427,-12.38685332032));
#275 = CARTESIAN_POINT('',(-5.141608611878,12.961248369845,
    -14.85660175873));
#276 = CARTESIAN_POINT('',(5.141608611878,12.961248369845,
    -14.85660175873));
#277 = CARTESIAN_POINT('',(14.,10.806581815427,-12.38685332032));
#278 = CARTESIAN_POINT('',(-14.,13.800000000005,-6.193425517074));
#279 = CARTESIAN_POINT('',(-5.141608611878,16.551508197342,
    -7.42829950837));
#280 = CARTESIAN_POINT('',(5.141608611878,16.551508197342,-7.42829950837
    ));
#281 = CARTESIAN_POINT('',(14.,13.800000000005,-6.193425517074));
#282 = CARTESIAN_POINT('',(-14.,13.8,-2.652801758227E-14));
#283 = CARTESIAN_POINT('',(-5.141608611878,16.551508197344,
    2.040599808724E-14));
#284 = CARTESIAN_POINT('',(5.141608611878,16.551508197344,
    2.040599808724E-14));
#285 = CARTESIAN_POINT('',(14.,13.8,-2.652801758227E-14));
#286 = DEFINITIONAL_REPRESENTATION('',(#287),#296);
#287 = B_SPLINE_CURVE_WITH_KNOTS('',4,(#288,#289,#290,#291,#292,#293,
    #294,#295),.UNSPECIFIED.,.F.,.F.,(5,3,5),(0.,0.49963792823,1.),
  .UNSPECIFIED.);
#288 = CARTESIAN_POINT('',(0.695406044242,0.152364592453));
#289 = CARTESIAN_POINT('',(0.695487794005,0.169661154677));
#290 = CARTESIAN_POINT('',(0.695562498504,0.186923253553));
#291 = CARTESIAN_POINT('',(0.695630723907,0.204154111322));
#292 = CARTESIAN_POINT('',(0.695755102526,0.23858494528));
#293 = CARTESIAN_POINT('',(0.695811239467,0.255784836746));
#294 = CARTESIAN_POINT('',(0.695861680091,0.272960083184));
#295 = CARTESIAN_POINT('',(0.695906697203,0.290114099998));
#296 = ( GEOMETRIC_REPRESENTATION_CONTEXT(2) 
PARAMETRIC_REPRESENTATION_CONTEXT() REPRESENTATION_CONTEXT('2D SPACE',''
  ) );
#297 = ORIENTED_EDGE('',*,*,#298,.T.);
#298 = EDGE_CURVE('',#198,#299,#301,.T.);
#299 = VERTEX_POINT('',#300);
#300 = CARTESIAN_POINT('',(-16.,-5.,-14.));
#301 = SURFACE_CURVE('',#302,(#306,#313),.PCURVE_S1.);
#302 = LINE('',#303,#304);
#303 = CARTESIAN_POINT('',(0.,-5.,-14.));
#304 = VECTOR('',#305,1.);
#305 = DIRECTION('',(-1.,-0.,-0.));
#306 = PCURVE('',#182,#307);
#307 = DEFINITIONAL_REPRESENTATION('',(#308),#312);
#308 = LINE('',#309,#310);
#309 = CARTESIAN_POINT('',(11.401754250991,0.));
#310 = VECTOR('',#311,1.);
#311 = DIRECTION('',(0.,1.));
#312 = ( GEOMETRIC_REPRESENTATION_CONTEXT(2) 
PARAMETRIC_REPRESENTATION_CONTEXT() REPRESENTATION_CONTEXT('2D SPACE',''
  ) );
#313 = PCURVE('',#314,#319);
#314 = PLANE('',#315);
#315 = AXIS2_PLACEMENT_3D('',#316,#317,#318);
#316 = CARTESIAN_POINT('',(0.,-5.,-14.));
#317 = DIRECTION('',(0.,0.,-1.));
#318 = DIRECTION('',(0.,1.,0.));
#319 = DEFINITIONAL_REPRESENTATION('',(#320),#324);
#320 = LINE('',#321,#322);
#321 = CARTESIAN_POINT('',(0.,0.));
#322 = VECTOR('',#323,1.);
#323 = DIRECTION('',(0.,-1.));
#324 = ( GEOMETRIC_REPRESENTATION_CONTEXT(2) 
PARAMETRIC_REPRESENTATION_CONTEXT() REPRESENTATION_CONTEXT('2D SPACE',''
  ) );
#325 = ORIENTED_EDGE('',*,*,#326,.F.);
#326 = EDGE_CURVE('',#327,#299,#329,.T.);
#327 = VERTEX_POINT('',#328);
#328 = CARTESIAN_POINT('',(-16.,-8.,-25.));
#329 = SURFACE_CURVE('',#330,(#334,#341),.PCURVE_S1.);
#330 = LINE('',#331,#332);
#331 = CARTESIAN_POINT('',(-16.,-8.,-25.));
#332 = VECTOR('',#333,1.);
#333 = DIRECTION('',(0.,0.263117405792,0.964763821238));
#334 = PCURVE('',#182,#335);
#335 = DEFINITIONAL_REPRESENTATION('',(#336),#340);
#336 = LINE('',#337,#338);
#337 = CARTESIAN_POINT('',(0.,16.));
#338 = VECTOR('',#339,1.);
#339 = DIRECTION('',(1.,0.));
#340 = ( GEOMETRIC_REPRESENTATION_CONTEXT(2) 
PARAMETRIC_REPRESENTATION_CONTEXT() REPRESENTATION_CONTEXT('2D SPACE',''
  ) );
#341 = PCURVE('',#342,#347);
#342 = PLANE('',#343);
#343 = AXIS2_PLACEMENT_3D('',#344,#345,#346);
#344 = CARTESIAN_POINT('',(-16.,2.911851043378E-16,-20.17618089381));
#345 = DIRECTION('',(-1.,-0.,-0.));
#346 = DIRECTION('',(0.,-1.,0.));
#347 = DEFINITIONAL_REPRESENTATION('',(#348),#352);
#348 = LINE('',#349,#350);
#349 = CARTESIAN_POINT('',(8.,-4.823819106189));
#350 = VECTOR('',#351,1.);
#351 = DIRECTION('',(-0.263117405792,0.964763821238));
#352 = ( GEOMETRIC_REPRESENTATION_CONTEXT(2) 
PARAMETRIC_REPRESENTATION_CONTEXT() REPRESENTATION_CONTEXT('2D SPACE',''
  ) );
#353 = ORIENTED_EDGE('',*,*,#354,.T.);
#354 = EDGE_CURVE('',#327,#355,#357,.T.);
#355 = VERTEX_POINT('',#356);
#356 = CARTESIAN_POINT('',(16.,-8.,-25.));
#357 = SURFACE_CURVE('',#358,(#362,#369),.PCURVE_S1.);
#358 = LINE('',#359,#360);
#359 = CARTESIAN_POINT('',(-16.,-8.,-25.));
#360 = VECTOR('',#361,1.);
#361 = DIRECTION('',(1.,0.,0.));
#362 = PCURVE('',#182,#363);
#363 = DEFINITIONAL_REPRESENTATION('',(#364),#368);
#364 = LINE('',#365,#366);
#365 = CARTESIAN_POINT('',(0.,16.));
#366 = VECTOR('',#367,1.);
#367 = DIRECTION('',(0.,-1.));
#368 = ( GEOMETRIC_REPRESENTATION_CONTEXT(2) 
PARAMETRIC_REPRESENTATION_CONTEXT() REPRESENTATION_CONTEXT('2D SPACE',''
  ) );
#369 = PCURVE('',#370,#375);
#370 = PLANE('',#371);
#371 = AXIS2_PLACEMENT_3D('',#372,#373,#374);
#372 = CARTESIAN_POINT('',(0.,8.,-25.));
#373 = DIRECTION('',(0.,0.,-1.));
#374 = DIRECTION('',(0.,-1.,0.));
#375 = DEFINITIONAL_REPRESENTATION('',(#376),#380);
#376 = LINE('',#377,#378);
#377 = CARTESIAN_POINT('',(16.,16.));
#378 = VECTOR('',#379,1.);
#379 = DIRECTION('',(0.,-1.));
#380 = ( GEOMETRIC_REPRESENTATION_CONTEXT(2) 
PARAMETRIC_REPRESENTATION_CONTEXT() REPRESENTATION_CONTEXT('2D SPACE',''
  ) );
#381 = ORIENTED_EDGE('',*,*,#382,.T.);
#382 = EDGE_CURVE('',#355,#79,#383,.T.);
#383 = SURFACE_CURVE('',#384,(#388,#395),.PCURVE_S1.);
#384 = LINE('',#385,#386);
#385 = CARTESIAN_POINT('',(16.,-8.,-25.));
#386 = VECTOR('',#387,1.);
#387 = DIRECTION('',(0.,0.263117405792,0.964763821238));
#388 = PCURVE('',#182,#389);
#389 = DEFINITIONAL_REPRESENTATION('',(#390),#394);
#390 = LINE('',#391,#392);
#391 = CARTESIAN_POINT('',(0.,-16.));
#392 = VECTOR('',#393,1.);
#393 = DIRECTION('',(1.,0.));
#394 = ( GEOMETRIC_REPRESENTATION_CONTEXT(2) 
PARAMETRIC_REPRESENTATION_CONTEXT() REPRESENTATION_CONTEXT('2D SPACE',''
  ) );
#395 = PCURVE('',#101,#396);
#396 = DEFINITIONAL_REPRESENTATION('',(#397),#401);
#397 = LINE('',#398,#399);
#398 = CARTESIAN_POINT('',(8.,-4.823819106189));
#399 = VECTOR('',#400,1.);
#400 = DIRECTION('',(-0.263117405792,0.964763821238));
#401 = ( GEOMETRIC_REPRESENTATION_CONTEXT(2) 
PARAMETRIC_REPRESENTATION_CONTEXT() REPRESENTATION_CONTEXT('2D SPACE',''
  ) );
#402 = ORIENTED_EDGE('',*,*,#168,.F.);
#403 = ORIENTED_EDGE('',*,*,#404,.F.);
#404 = EDGE_CURVE('',#200,#142,#405,.T.);
#405 = SURFACE_CURVE('',#406,(#410,#417),.PCURVE_S1.);
#406 = LINE('',#407,#408);
#407 = CARTESIAN_POINT('',(-6.,-4.55,-12.35));
#408 = VECTOR('',#409,1.);
#409 = DIRECTION('',(-0.,0.263117405792,0.964763821238));
#410 = PCURVE('',#182,#411);
#411 = DEFINITIONAL_REPRESENTATION('',(#412),#416);
#412 = LINE('',#413,#414);
#413 = CARTESIAN_POINT('',(13.11201738864,6.));
#414 = VECTOR('',#415,1.);
#415 = DIRECTION('',(1.,0.));
#416 = ( GEOMETRIC_REPRESENTATION_CONTEXT(2) 
PARAMETRIC_REPRESENTATION_CONTEXT() REPRESENTATION_CONTEXT('2D SPACE',''
  ) );
#417 = PCURVE('',#157,#418);
#418 = DEFINITIONAL_REPRESENTATION('',(#419),#422);
#419 = B_SPLINE_CURVE_WITH_KNOTS('',1,(#420,#421),.UNSPECIFIED.,.F.,.F.,
  (2,2),(-3.265047808238,-1.710263137649),.PIECEWISE_BEZIER_KNOTS.);
#420 = CARTESIAN_POINT('',(-5.409090909091,-15.5));
#421 = CARTESIAN_POINT('',(-5.,-14.));
#422 = ( GEOMETRIC_REPRESENTATION_CONTEXT(2) 
PARAMETRIC_REPRESENTATION_CONTEXT() REPRESENTATION_CONTEXT('2D SPACE',''
  ) );
#423 = FACE_BOUND('',#424,.T.);
#424 = EDGE_LOOP('',(#425,#453));
#425 = ORIENTED_EDGE('',*,*,#426,.T.);
#426 = EDGE_CURVE('',#200,#427,#429,.T.);
#427 = VERTEX_POINT('',#428);
#428 = CARTESIAN_POINT('',(6.,-5.167270867264,-14.6133265133));
#429 = SURFACE_CURVE('',#430,(#434,#441),.PCURVE_S1.);
#430 = LINE('',#431,#432);
#431 = CARTESIAN_POINT('',(-6.,-5.167270867264,-14.6133265133));
#432 = VECTOR('',#433,1.);
#433 = DIRECTION('',(1.,0.,0.));
#434 = PCURVE('',#182,#435);
#435 = DEFINITIONAL_REPRESENTATION('',(#436),#440);
#436 = LINE('',#437,#438);
#437 = CARTESIAN_POINT('',(10.766027143694,6.));
#438 = VECTOR('',#439,1.);
#439 = DIRECTION('',(0.,-1.));
#440 = ( GEOMETRIC_REPRESENTATION_CONTEXT(2) 
PARAMETRIC_REPRESENTATION_CONTEXT() REPRESENTATION_CONTEXT('2D SPACE',''
  ) );
#441 = PCURVE('',#442,#447);
#442 = CYLINDRICAL_SURFACE('',#443,15.5);
#443 = AXIS2_PLACEMENT_3D('',#444,#445,#446);
#444 = CARTESIAN_POINT('',(-6.,0.,0.));
#445 = DIRECTION('',(-1.,-0.,-0.));
#446 = DIRECTION('',(0.,1.,0.));
#447 = DEFINITIONAL_REPRESENTATION('',(#448),#452);
#448 = LINE('',#449,#450);
#449 = CARTESIAN_POINT('',(-10.65569603254,0.));
#450 = VECTOR('',#451,1.);
#451 = DIRECTION('',(-0.,-1.));
#452 = ( GEOMETRIC_REPRESENTATION_CONTEXT(2) 
PARAMETRIC_REPRESENTATION_CONTEXT() REPRESENTATION_CONTEXT('2D SPACE',''
  ) );
#453 = ORIENTED_EDGE('',*,*,#454,.T.);
#454 = EDGE_CURVE('',#427,#200,#455,.T.);
#455 = SURFACE_CURVE('',#456,(#469,#485),.PCURVE_S1.);
#456 = B_SPLINE_CURVE_WITH_KNOTS('',4,(#457,#458,#459,#460,#461,#462,
    #463,#464,#465,#466,#467,#468),.UNSPECIFIED.,.F.,.F.,(5,3,1,3,5),(0.
    ,0.500011237522,0.999997152306,1.498714588578,1.999994304772),
  .UNSPECIFIED.);
#457 = CARTESIAN_POINT('',(6.000000000562,-5.167270868469,
    -14.61332651771));
#458 = CARTESIAN_POINT('',(5.253724782096,-5.19134760903,-14.70160789977
    ));
#459 = CARTESIAN_POINT('',(4.505549493614,-5.211349319004,
    -14.77494750301));
#460 = CARTESIAN_POINT('',(3.755982511211,-5.227322583475,-14.8335161394
    ));
#461 = CARTESIAN_POINT('',(2.255038225165,-5.251258264088,
    -14.92128030165));
#462 = CARTESIAN_POINT('',(0.754192835644,-5.26716368552,-14.97960018023
    ));
#463 = CARTESIAN_POINT('',(-0.748469434836,-5.267183866913,
    -14.97967417868));
#464 = CARTESIAN_POINT('',(-2.249319431232,-5.251318792815,
    -14.92150224032));
#465 = CARTESIAN_POINT('',(-3.750277755031,-5.227444073354,
    -14.83396160229));
#466 = CARTESIAN_POINT('',(-4.501753394691,-5.211450777383,
    -14.77531951707));
#467 = CARTESIAN_POINT('',(-5.251831556456,-5.191408689314,
    -14.70183186081));
#468 = CARTESIAN_POINT('',(-6.000000000562,-5.167270868469,
    -14.61332651771));
#469 = PCURVE('',#182,#470);
#470 = DEFINITIONAL_REPRESENTATION('',(#471),#484);
#471 = B_SPLINE_CURVE_WITH_KNOTS('',4,(#472,#473,#474,#475,#476,#477,
    #478,#479,#480,#481,#482,#483),.UNSPECIFIED.,.F.,.F.,(5,3,1,3,5),(0.
    ,0.500011237522,0.999997152306,1.498714588578,1.999994304772),
  .UNSPECIFIED.);
#472 = CARTESIAN_POINT('',(10.766027139115,-6.000000000562));
#473 = CARTESIAN_POINT('',(10.674521446101,-5.253724782096));
#474 = CARTESIAN_POINT('',(10.598503252192,-4.505549493614));
#475 = CARTESIAN_POINT('',(10.537795506832,-3.755982511211));
#476 = CARTESIAN_POINT('',(10.446825924103,-2.255038225165));
#477 = CARTESIAN_POINT('',(10.386376021964,-0.754192835644));
#478 = CARTESIAN_POINT('',(10.386299320867,0.748469434836));
#479 = CARTESIAN_POINT('',(10.446595879546,2.249319431232));
#480 = CARTESIAN_POINT('',(10.53733377425,3.750277755031));
#481 = CARTESIAN_POINT('',(10.598117651024,4.501753394691));
#482 = CARTESIAN_POINT('',(10.674289305304,5.251831556456));
#483 = CARTESIAN_POINT('',(10.766027139115,6.000000000562));
#484 = ( GEOMETRIC_REPRESENTATION_CONTEXT(2) 
PARAMETRIC_REPRESENTATION_CONTEXT() REPRESENTATION_CONTEXT('2D SPACE',''
  ) );
#485 = PCURVE('',#486,#547);
#486 = ( BOUNDED_SURFACE() B_SPLINE_SURFACE(14,3,(
    (#487,#488,#489,#490)
    ,(#491,#492,#493,#494)
    ,(#495,#496,#497,#498)
    ,(#499,#500,#501,#502)
    ,(#503,#504,#505,#506)
    ,(#507,#508,#509,#510)
    ,(#511,#512,#513,#514)
    ,(#515,#516,#517,#518)
    ,(#519,#520,#521,#522)
    ,(#523,#524,#525,#526)
    ,(#527,#528,#529,#530)
    ,(#531,#532,#533,#534)
    ,(#535,#536,#537,#538)
    ,(#539,#540,#541,#542)
    ,(#543,#544,#545,#546
)),.UNSPECIFIED.,.T.,.F.,.F.) B_SPLINE_SURFACE_WITH_KNOTS((1,14,14,1),(4
    ,4),(-1.,0.,1.,2.),(0.,1.),.UNSPECIFIED.) 
GEOMETRIC_REPRESENTATION_ITEM() RATIONAL_B_SPLINE_SURFACE((
    (1.,1.,1.,1.)
    ,(1.,1.,1.,1.)
    ,(1.,1.,1.,1.)
    ,(1.,1.,1.,1.)
    ,(1.,1.,1.,1.)
    ,(1.,1.,1.,1.)
    ,(1.,1.,1.,1.)
    ,(1.,1.,1.,1.)
    ,(1.,1.,1.,1.)
    ,(1.,1.,1.,1.)
    ,(1.,1.,1.,1.)
    ,(1.,1.,1.,1.)
    ,(1.,1.,1.,1.)
    ,(1.,1.,1.,1.)
,(1.,1.,1.,1.))) REPRESENTATION_ITEM('') SURFACE() );
#487 = CARTESIAN_POINT('',(-14.,13.8,-2.652801758227E-14));
#488 = CARTESIAN_POINT('',(-5.141608611878,16.551508197344,
    2.040599808724E-14));
#489 = CARTESIAN_POINT('',(5.141608611878,16.551508197344,
    2.040599808724E-14));
#490 = CARTESIAN_POINT('',(14.,13.8,-2.652801758227E-14));
#491 = CARTESIAN_POINT('',(-14.,13.800000000004,6.193425517082));
#492 = CARTESIAN_POINT('',(-5.141608611878,16.551508197343,
    7.428299508378));
#493 = CARTESIAN_POINT('',(5.141608611878,16.551508197343,7.428299508378
    ));
#494 = CARTESIAN_POINT('',(14.,13.800000000004,6.193425517082));
#495 = CARTESIAN_POINT('',(-14.,10.806581815429,12.386853320283));
#496 = CARTESIAN_POINT('',(-5.141608611878,12.96124836984,
    14.856601758699));
#497 = CARTESIAN_POINT('',(5.141608611878,12.96124836984,14.856601758699
    ));
#498 = CARTESIAN_POINT('',(14.,10.806581815429,12.386853320283));
#499 = CARTESIAN_POINT('',(-14.,4.819741619586,17.012906982724));
#500 = CARTESIAN_POINT('',(-5.141608611878,5.780724124956,
    20.405019520651));
#501 = CARTESIAN_POINT('',(5.141608611878,5.780724124956,20.405019520651
    ));
#502 = CARTESIAN_POINT('',(14.,4.819741619586,17.012906982724));
#503 = CARTESIAN_POINT('',(-14.,-3.265226483463,18.504386822369));
#504 = CARTESIAN_POINT('',(-5.141608611878,-3.91626252931,
    22.193877549113));
#505 = CARTESIAN_POINT('',(5.141608611878,-3.91626252931,22.193877549113
    ));
#506 = CARTESIAN_POINT('',(14.,-3.265226483463,18.504386822369));
#507 = CARTESIAN_POINT('',(-14.,-11.65790411345,15.85588068199));
#508 = CARTESIAN_POINT('',(-5.141608611878,-13.98231126828,
    19.017299933571));
#509 = CARTESIAN_POINT('',(5.141608611878,-13.98231126828,
    19.017299933571));
#510 = CARTESIAN_POINT('',(14.,-11.65790411345,15.85588068199));
#511 = CARTESIAN_POINT('',(-14.,-18.06477548303,9.189216384581));
#512 = CARTESIAN_POINT('',(-5.141608611878,-21.66661445538,
    11.02140509548));
#513 = CARTESIAN_POINT('',(5.141608611878,-21.66661445538,11.02140509548
    ));
#514 = CARTESIAN_POINT('',(14.,-18.06477548303,9.189216384581));
#515 = CARTESIAN_POINT('',(-14.,-20.4768347081,2.569073842551E-10));
#516 = CARTESIAN_POINT('',(-5.141608611878,-24.55960127058,
    2.231307757621E-10));
#517 = CARTESIAN_POINT('',(5.141608611878,-24.55960127058,
    2.231307757621E-10));
#518 = CARTESIAN_POINT('',(14.,-20.4768347081,2.569073842551E-10));
#519 = CARTESIAN_POINT('',(-14.,-18.06477548304,-9.189216385051));
#520 = CARTESIAN_POINT('',(-5.141608611878,-21.66661445537,
    -11.02140509589));
#521 = CARTESIAN_POINT('',(5.141608611878,-21.66661445537,
    -11.02140509589));
#522 = CARTESIAN_POINT('',(14.,-18.06477548304,-9.189216385051));
#523 = CARTESIAN_POINT('',(-14.,-11.65790411344,-15.85588068163));
#524 = CARTESIAN_POINT('',(-5.141608611878,-13.9823112683,
    -19.01729993325));
#525 = CARTESIAN_POINT('',(5.141608611878,-13.9823112683,-19.01729993325
    ));
#526 = CARTESIAN_POINT('',(14.,-11.65790411344,-15.85588068163));
#527 = CARTESIAN_POINT('',(-14.,-3.265226483472,-18.50438682259));
#528 = CARTESIAN_POINT('',(-5.141608611878,-3.916262529292,
    -22.19387754931));
#529 = CARTESIAN_POINT('',(5.141608611878,-3.916262529292,
    -22.19387754931));
#530 = CARTESIAN_POINT('',(14.,-3.265226483472,-18.50438682259));
#531 = CARTESIAN_POINT('',(-14.,4.819741619592,-17.01290698261));
#532 = CARTESIAN_POINT('',(-5.141608611878,5.780724124944,
    -20.40501952055));
#533 = CARTESIAN_POINT('',(5.141608611878,5.780724124944,-20.40501952055
    ));
#534 = CARTESIAN_POINT('',(14.,4.819741619592,-17.01290698261));
#535 = CARTESIAN_POINT('',(-14.,10.806581815427,-12.38685332032));
#536 = CARTESIAN_POINT('',(-5.141608611878,12.961248369845,
    -14.85660175873));
#537 = CARTESIAN_POINT('',(5.141608611878,12.961248369845,
    -14.85660175873));
#538 = CARTESIAN_POINT('',(14.,10.806581815427,-12.38685332032));
#539 = CARTESIAN_POINT('',(-14.,13.800000000005,-6.193425517074));
#540 = CARTESIAN_POINT('',(-5.141608611878,16.551508197342,
    -7.42829950837));
#541 = CARTESIAN_POINT('',(5.141608611878,16.551508197342,-7.42829950837
    ));
#542 = CARTESIAN_POINT('',(14.,13.800000000005,-6.193425517074));
#543 = CARTESIAN_POINT('',(-14.,13.8,-2.652801758227E-14));
#544 = CARTESIAN_POINT('',(-5.141608611878,16.551508197344,
    2.040599808724E-14));
#545 = CARTESIAN_POINT('',(5.141608611878,16.551508197344,
    2.040599808724E-14));
#546 = CARTESIAN_POINT('',(14.,13.8,-2.652801758227E-14));
#547 = DEFINITIONAL_REPRESENTATION('',(#548),#574);
#548 = B_SPLINE_CURVE_WITH_KNOTS('',3,(#549,#550,#551,#552,#553,#554,
    #555,#556,#557,#558,#559,#560,#561,#562,#563,#564,#565,#566,#567,
    #568,#569,#570,#571,#572,#573),.UNSPECIFIED.,.F.,.F.,(4,1,1,1,1,1,1,
    1,1,1,1,1,1,1,1,1,1,1,1,1,1,1,4),(0.,9.090883203508E-02,
    0.18181766407,0.272726496105,0.36363532814,0.454544160175,
    0.54545299221,0.636361824246,0.727270656281,0.818179488316,
    0.909088320351,0.999997152386,1.090905984421,1.181814816456,
    1.272723648491,1.363632480526,1.454541312561,1.545450144596,
    1.636358976631,1.727267808667,1.818176640702,1.909085472737,
    1.999994304772),.QUASI_UNIFORM_KNOTS.);
#549 = CARTESIAN_POINT('',(1.695906695629,0.709886500121));
#550 = CARTESIAN_POINT('',(1.695923449233,0.703501977796));
#551 = CARTESIAN_POINT('',(1.695955271109,0.690739553363));
#552 = CARTESIAN_POINT('',(1.695998066833,0.67161398474));
#553 = CARTESIAN_POINT('',(1.69603605023,0.652504692039));
#554 = CARTESIAN_POINT('',(1.696069325569,0.633409881337));
#555 = CARTESIAN_POINT('',(1.696097984645,0.614327753528));
#556 = CARTESIAN_POINT('',(1.696122105452,0.595256496555));
#557 = CARTESIAN_POINT('',(1.696141753216,0.57619431094));
#558 = CARTESIAN_POINT('',(1.696156980718,0.557139378659));
#559 = CARTESIAN_POINT('',(1.69616782866,0.538089889818));
#560 = CARTESIAN_POINT('',(1.696174325924,0.519044034396));
#561 = CARTESIAN_POINT('',(1.696176489767,0.49999999994));
#562 = CARTESIAN_POINT('',(1.696174325927,0.480955965489));
#563 = CARTESIAN_POINT('',(1.696167828663,0.461910110083));
#564 = CARTESIAN_POINT('',(1.696156980721,0.442860621249));
#565 = CARTESIAN_POINT('',(1.696141753218,0.423805688965));
#566 = CARTESIAN_POINT('',(1.696122105451,0.404743503257));
#567 = CARTESIAN_POINT('',(1.696097984645,0.385672246294));
#568 = CARTESIAN_POINT('',(1.696069325569,0.366590118551));
#569 = CARTESIAN_POINT('',(1.69603605023,0.347495307855));
#570 = CARTESIAN_POINT('',(1.695998066833,0.328386015184));
#571 = CARTESIAN_POINT('',(1.695955271109,0.30926044661));
#572 = CARTESIAN_POINT('',(1.695923449233,0.2964980222));
#573 = CARTESIAN_POINT('',(1.695906695629,0.290113499879));
#574 = ( GEOMETRIC_REPRESENTATION_CONTEXT(2) 
PARAMETRIC_REPRESENTATION_CONTEXT() REPRESENTATION_CONTEXT('2D SPACE',''
  ) );
#575 = ADVANCED_FACE('',(#576,#729),#129,.T.);
#576 = FACE_BOUND('',#577,.T.);
#577 = EDGE_LOOP('',(#578,#600,#601,#624,#647,#670,#693));
#578 = ORIENTED_EDGE('',*,*,#579,.F.);
#579 = EDGE_CURVE('',#114,#580,#582,.T.);
#580 = VERTEX_POINT('',#581);
#581 = CARTESIAN_POINT('',(-6.,5.167270867264,-14.6133265133));
#582 = SURFACE_CURVE('',#583,(#587,#594),.PCURVE_S1.);
#583 = LINE('',#584,#585);
#584 = CARTESIAN_POINT('',(-6.,3.05,-6.85));
#585 = VECTOR('',#586,1.);
#586 = DIRECTION('',(0.,0.263117405792,-0.964763821238));
#587 = PCURVE('',#129,#588);
#588 = DEFINITIONAL_REPRESENTATION('',(#589),#593);
#589 = LINE('',#590,#591);
#590 = CARTESIAN_POINT('',(-7.411140263144,6.));
#591 = VECTOR('',#592,1.);
#592 = DIRECTION('',(1.,0.));
#593 = ( GEOMETRIC_REPRESENTATION_CONTEXT(2) 
PARAMETRIC_REPRESENTATION_CONTEXT() REPRESENTATION_CONTEXT('2D SPACE',''
  ) );
#594 = PCURVE('',#157,#595);
#595 = DEFINITIONAL_REPRESENTATION('',(#596),#599);
#596 = B_SPLINE_CURVE_WITH_KNOTS('',1,(#597,#598),.UNSPECIFIED.,.F.,.F.,
  (2,2),(7.411140263144,8.965924933734),.PIECEWISE_BEZIER_KNOTS.);
#597 = CARTESIAN_POINT('',(5.,-14.));
#598 = CARTESIAN_POINT('',(5.409090909091,-15.5));
#599 = ( GEOMETRIC_REPRESENTATION_CONTEXT(2) 
PARAMETRIC_REPRESENTATION_CONTEXT() REPRESENTATION_CONTEXT('2D SPACE',''
  ) );
#600 = ORIENTED_EDGE('',*,*,#113,.F.);
#601 = ORIENTED_EDGE('',*,*,#602,.T.);
#602 = EDGE_CURVE('',#81,#603,#605,.T.);
#603 = VERTEX_POINT('',#604);
#604 = CARTESIAN_POINT('',(16.,8.,-25.));
#605 = SURFACE_CURVE('',#606,(#610,#617),.PCURVE_S1.);
#606 = LINE('',#607,#608);
#607 = CARTESIAN_POINT('',(16.,5.,-14.));
#608 = VECTOR('',#609,1.);
#609 = DIRECTION('',(0.,0.263117405792,-0.964763821238));
#610 = PCURVE('',#129,#611);
#611 = DEFINITIONAL_REPRESENTATION('',(#612),#616);
#612 = LINE('',#613,#614);
#613 = CARTESIAN_POINT('',(0.,-16.));
#614 = VECTOR('',#615,1.);
#615 = DIRECTION('',(1.,0.));
#616 = ( GEOMETRIC_REPRESENTATION_CONTEXT(2) 
PARAMETRIC_REPRESENTATION_CONTEXT() REPRESENTATION_CONTEXT('2D SPACE',''
  ) );
#617 = PCURVE('',#101,#618);
#618 = DEFINITIONAL_REPRESENTATION('',(#619),#623);
#619 = LINE('',#620,#621);
#620 = CARTESIAN_POINT('',(-5.,6.176180893811));
#621 = VECTOR('',#622,1.);
#622 = DIRECTION('',(-0.263117405792,-0.964763821238));
#623 = ( GEOMETRIC_REPRESENTATION_CONTEXT(2) 
PARAMETRIC_REPRESENTATION_CONTEXT() REPRESENTATION_CONTEXT('2D SPACE',''
  ) );
#624 = ORIENTED_EDGE('',*,*,#625,.T.);
#625 = EDGE_CURVE('',#603,#626,#628,.T.);
#626 = VERTEX_POINT('',#627);
#627 = CARTESIAN_POINT('',(-16.,8.,-25.));
#628 = SURFACE_CURVE('',#629,(#633,#640),.PCURVE_S1.);
#629 = LINE('',#630,#631);
#630 = CARTESIAN_POINT('',(16.,8.,-25.));
#631 = VECTOR('',#632,1.);
#632 = DIRECTION('',(-1.,0.,0.));
#633 = PCURVE('',#129,#634);
#634 = DEFINITIONAL_REPRESENTATION('',(#635),#639);
#635 = LINE('',#636,#637);
#636 = CARTESIAN_POINT('',(11.401754250991,-16.));
#637 = VECTOR('',#638,1.);
#638 = DIRECTION('',(0.,1.));
#639 = ( GEOMETRIC_REPRESENTATION_CONTEXT(2) 
PARAMETRIC_REPRESENTATION_CONTEXT() REPRESENTATION_CONTEXT('2D SPACE',''
  ) );
#640 = PCURVE('',#370,#641);
#641 = DEFINITIONAL_REPRESENTATION('',(#642),#646);
#642 = LINE('',#643,#644);
#643 = CARTESIAN_POINT('',(0.,-16.));
#644 = VECTOR('',#645,1.);
#645 = DIRECTION('',(0.,1.));
#646 = ( GEOMETRIC_REPRESENTATION_CONTEXT(2) 
PARAMETRIC_REPRESENTATION_CONTEXT() REPRESENTATION_CONTEXT('2D SPACE',''
  ) );
#647 = ORIENTED_EDGE('',*,*,#648,.F.);
#648 = EDGE_CURVE('',#649,#626,#651,.T.);
#649 = VERTEX_POINT('',#650);
#650 = CARTESIAN_POINT('',(-16.,5.,-14.));
#651 = SURFACE_CURVE('',#652,(#656,#663),.PCURVE_S1.);
#652 = LINE('',#653,#654);
#653 = CARTESIAN_POINT('',(-16.,5.,-14.));
#654 = VECTOR('',#655,1.);
#655 = DIRECTION('',(0.,0.263117405792,-0.964763821238));
#656 = PCURVE('',#129,#657);
#657 = DEFINITIONAL_REPRESENTATION('',(#658),#662);
#658 = LINE('',#659,#660);
#659 = CARTESIAN_POINT('',(0.,16.));
#660 = VECTOR('',#661,1.);
#661 = DIRECTION('',(1.,0.));
#662 = ( GEOMETRIC_REPRESENTATION_CONTEXT(2) 
PARAMETRIC_REPRESENTATION_CONTEXT() REPRESENTATION_CONTEXT('2D SPACE',''
  ) );
#663 = PCURVE('',#342,#664);
#664 = DEFINITIONAL_REPRESENTATION('',(#665),#669);
#665 = LINE('',#666,#667);
#666 = CARTESIAN_POINT('',(-5.,6.176180893811));
#667 = VECTOR('',#668,1.);
#668 = DIRECTION('',(-0.263117405792,-0.964763821238));
#669 = ( GEOMETRIC_REPRESENTATION_CONTEXT(2) 
PARAMETRIC_REPRESENTATION_CONTEXT() REPRESENTATION_CONTEXT('2D SPACE',''
  ) );
#670 = ORIENTED_EDGE('',*,*,#671,.F.);
#671 = EDGE_CURVE('',#672,#649,#674,.T.);
#672 = VERTEX_POINT('',#673);
#673 = CARTESIAN_POINT('',(-9.861732181338,5.,-14.));
#674 = SURFACE_CURVE('',#675,(#679,#686),.PCURVE_S1.);
#675 = LINE('',#676,#677);
#676 = CARTESIAN_POINT('',(0.,5.,-14.));
#677 = VECTOR('',#678,1.);
#678 = DIRECTION('',(-1.,-0.,-0.));
#679 = PCURVE('',#129,#680);
#680 = DEFINITIONAL_REPRESENTATION('',(#681),#685);
#681 = LINE('',#682,#683);
#682 = CARTESIAN_POINT('',(0.,0.));
#683 = VECTOR('',#684,1.);
#684 = DIRECTION('',(0.,1.));
#685 = ( GEOMETRIC_REPRESENTATION_CONTEXT(2) 
PARAMETRIC_REPRESENTATION_CONTEXT() REPRESENTATION_CONTEXT('2D SPACE',''
  ) );
#686 = PCURVE('',#314,#687);
#687 = DEFINITIONAL_REPRESENTATION('',(#688),#692);
#688 = LINE('',#689,#690);
#689 = CARTESIAN_POINT('',(10.,0.));
#690 = VECTOR('',#691,1.);
#691 = DIRECTION('',(0.,-1.));
#692 = ( GEOMETRIC_REPRESENTATION_CONTEXT(2) 
PARAMETRIC_REPRESENTATION_CONTEXT() REPRESENTATION_CONTEXT('2D SPACE',''
  ) );
#693 = ORIENTED_EDGE('',*,*,#694,.T.);
#694 = EDGE_CURVE('',#672,#580,#695,.T.);
#695 = SURFACE_CURVE('',#696,(#705,#717),.PCURVE_S1.);
#696 = B_SPLINE_CURVE_WITH_KNOTS('',4,(#697,#698,#699,#700,#701,#702,
    #703,#704),.UNSPECIFIED.,.F.,.F.,(5,3,5),(0.,0.499637929577,1.),
  .UNSPECIFIED.);
#697 = CARTESIAN_POINT('',(-9.861732181338,5.,-14.));
#698 = CARTESIAN_POINT('',(-9.382975989123,5.026196094514,
    -14.09605234655));
#699 = CARTESIAN_POINT('',(-8.902802794753,5.050600767092,-14.185536146)
  );
#700 = CARTESIAN_POINT('',(-8.421380339405,5.073234966105,
    -14.26852820905));
#701 = CARTESIAN_POINT('',(-7.455641722111,5.11502655048,-14.42176401842
    ));
#702 = CARTESIAN_POINT('',(-6.971322572955,5.134178843087,
    -14.49198909131));
#703 = CARTESIAN_POINT('',(-6.486056018191,5.151589509147,-14.5558282002
    ));
#704 = CARTESIAN_POINT('',(-5.999982995713,5.167271417653,
    -14.61332853139));
#705 = PCURVE('',#129,#706);
#706 = DEFINITIONAL_REPRESENTATION('',(#707),#716);
#707 = B_SPLINE_CURVE_WITH_KNOTS('',4,(#708,#709,#710,#711,#712,#713,
    #714,#715),.UNSPECIFIED.,.F.,.F.,(5,3,5),(0.,0.499637929577,1.),
  .UNSPECIFIED.);
#708 = CARTESIAN_POINT('',(0.,9.861732181338));
#709 = CARTESIAN_POINT('',(9.95604773265E-02,9.382975989123));
#710 = CARTESIAN_POINT('',(0.192312503767,8.902802794753));
#711 = CARTESIAN_POINT('',(0.27833569537,8.421380339405));
#712 = CARTESIAN_POINT('',(0.437168153638,7.455641722111));
#713 = CARTESIAN_POINT('',(0.509958064853,6.971322572955));
#714 = CARTESIAN_POINT('',(0.576128776775,6.486056018191));
#715 = CARTESIAN_POINT('',(0.635729199097,5.999982995713));
#716 = ( GEOMETRIC_REPRESENTATION_CONTEXT(2) 
PARAMETRIC_REPRESENTATION_CONTEXT() REPRESENTATION_CONTEXT('2D SPACE',''
  ) );
#717 = PCURVE('',#225,#718);
#718 = DEFINITIONAL_REPRESENTATION('',(#719),#728);
#719 = B_SPLINE_CURVE_WITH_KNOTS('',4,(#720,#721,#722,#723,#724,#725,
    #726,#727),.UNSPECIFIED.,.F.,.F.,(5,3,5),(0.,0.499637929577,1.),
  .UNSPECIFIED.);
#720 = CARTESIAN_POINT('',(0.804593955756,0.152364592081));
#721 = CARTESIAN_POINT('',(0.804512205993,0.169661154398));
#722 = CARTESIAN_POINT('',(0.804437501493,0.186923253367));
#723 = CARTESIAN_POINT('',(0.80436927609,0.204154111229));
#724 = CARTESIAN_POINT('',(0.80424489747,0.23858494528));
#725 = CARTESIAN_POINT('',(0.804188760529,0.255784836746));
#726 = CARTESIAN_POINT('',(0.804138319906,0.272960083184));
#727 = CARTESIAN_POINT('',(0.804093302793,0.290114099998));
#728 = ( GEOMETRIC_REPRESENTATION_CONTEXT(2) 
PARAMETRIC_REPRESENTATION_CONTEXT() REPRESENTATION_CONTEXT('2D SPACE',''
  ) );
#729 = FACE_BOUND('',#730,.T.);
#730 = EDGE_LOOP('',(#731,#794));
#731 = ORIENTED_EDGE('',*,*,#732,.T.);
#732 = EDGE_CURVE('',#580,#733,#735,.T.);
#733 = VERTEX_POINT('',#734);
#734 = CARTESIAN_POINT('',(6.,5.167270867264,-14.6133265133));
#735 = SURFACE_CURVE('',#736,(#749,#765),.PCURVE_S1.);
#736 = B_SPLINE_CURVE_WITH_KNOTS('',4,(#737,#738,#739,#740,#741,#742,
    #743,#744,#745,#746,#747,#748),.UNSPECIFIED.,.F.,.F.,(5,3,1,3,5),(
    2.84765046033E-06,0.501282563808,1.,1.499985914705,1.99999715219),
  .UNSPECIFIED.);
#737 = CARTESIAN_POINT('',(-6.000000000821,5.167270869025,
    -14.61332651975));
#738 = CARTESIAN_POINT('',(-5.251831556652,5.191408689874,
    -14.70183186287));
#739 = CARTESIAN_POINT('',(-4.501753394821,5.211450777945,
    -14.77531951913));
#740 = CARTESIAN_POINT('',(-3.750277755096,5.227444073918,
    -14.83396160436));
#741 = CARTESIAN_POINT('',(-2.249319431232,5.25131879338,-14.92150224239
    ));
#742 = CARTESIAN_POINT('',(-0.74846944458,5.267183862401,-14.97967416213
    ));
#743 = CARTESIAN_POINT('',(0.754192845417,5.267163691175,-14.97960020097
    ));
#744 = CARTESIAN_POINT('',(2.25503822517,5.251258264653,-14.92128030372)
  );
#745 = CARTESIAN_POINT('',(3.755982511281,5.227322584039,-14.83351614147
    ));
#746 = CARTESIAN_POINT('',(4.505549493748,5.211349319566,-14.77494750507
    ));
#747 = CARTESIAN_POINT('',(5.253724782292,5.191347609589,-14.70160790182
    ));
#748 = CARTESIAN_POINT('',(6.000000000821,5.167270869025,-14.61332651975
    ));
#749 = PCURVE('',#129,#750);
#750 = DEFINITIONAL_REPRESENTATION('',(#751),#764);
#751 = B_SPLINE_CURVE_WITH_KNOTS('',4,(#752,#753,#754,#755,#756,#757,
    #758,#759,#760,#761,#762,#763),.UNSPECIFIED.,.F.,.F.,(5,3,1,3,5),(
    2.84765046033E-06,0.501282563808,1.,1.499985914705,1.99999715219),
  .UNSPECIFIED.);
#752 = CARTESIAN_POINT('',(0.635727113992,6.000000000821));
#753 = CARTESIAN_POINT('',(0.727464947815,5.251831556652));
#754 = CARTESIAN_POINT('',(0.803636602105,4.501753394821));
#755 = CARTESIAN_POINT('',(0.864420478885,3.750277755096));
#756 = CARTESIAN_POINT('',(0.955158373593,2.249319431232));
#757 = CARTESIAN_POINT('',(1.015454912975,0.74846944458));
#758 = CARTESIAN_POINT('',(1.015378250522,-0.754192845417));
#759 = CARTESIAN_POINT('',(0.954928329036,-2.25503822517));
#760 = CARTESIAN_POINT('',(0.863958746302,-3.755982511281));
#761 = CARTESIAN_POINT('',(0.803251000936,-4.505549493748));
#762 = CARTESIAN_POINT('',(0.727232807018,-5.253724782292));
#763 = CARTESIAN_POINT('',(0.635727113992,-6.000000000821));
#764 = ( GEOMETRIC_REPRESENTATION_CONTEXT(2) 
PARAMETRIC_REPRESENTATION_CONTEXT() REPRESENTATION_CONTEXT('2D SPACE',''
  ) );
#765 = PCURVE('',#486,#766);
#766 = DEFINITIONAL_REPRESENTATION('',(#767),#793);
#767 = B_SPLINE_CURVE_WITH_KNOTS('',3,(#768,#769,#770,#771,#772,#773,
    #774,#775,#776,#777,#778,#779,#780,#781,#782,#783,#784,#785,#786,
    #787,#788,#789,#790,#791,#792),.UNSPECIFIED.,.F.,.F.,(4,1,1,1,1,1,1,
    1,1,1,1,1,1,1,1,1,1,1,1,1,1,1,4),(2.84765046033E-06,
    9.091167967498E-02,0.1818205117,0.272729343724,0.363638175749,
    0.454547007773,0.545455839798,0.636364671822,0.727273503847,
    0.818182335871,0.909091167896,0.99999999992,1.090908831945,
    1.181817663969,1.272726495994,1.363635328018,1.454544160043,
    1.545452992067,1.636361824092,1.727270656116,1.818179488141,
    1.909088320165,1.99999715219),.QUASI_UNIFORM_KNOTS.);
#768 = CARTESIAN_POINT('',(0.804093304368,0.29011349987));
#769 = CARTESIAN_POINT('',(0.804076550764,0.296498022191));
#770 = CARTESIAN_POINT('',(0.804044728888,0.309260446602));
#771 = CARTESIAN_POINT('',(0.804001933164,0.328386015177));
#772 = CARTESIAN_POINT('',(0.803963949767,0.347495307848));
#773 = CARTESIAN_POINT('',(0.803930674428,0.366590118546));
#774 = CARTESIAN_POINT('',(0.803902015352,0.385672246288));
#775 = CARTESIAN_POINT('',(0.803877894546,0.404743503254));
#776 = CARTESIAN_POINT('',(0.803858246781,0.423805688911));
#777 = CARTESIAN_POINT('',(0.803843019279,0.442860621156));
#778 = CARTESIAN_POINT('',(0.803832171337,0.461910109984));
#779 = CARTESIAN_POINT('',(0.803825674073,0.480955965426));
#780 = CARTESIAN_POINT('',(0.80382351023,0.49999999994));
#781 = CARTESIAN_POINT('',(0.80382567407,0.519044034458));
#782 = CARTESIAN_POINT('',(0.803832171333,0.538089889909));
#783 = CARTESIAN_POINT('',(0.803843019275,0.557139378741));
#784 = CARTESIAN_POINT('',(0.803858246779,0.576194310985));
#785 = CARTESIAN_POINT('',(0.803877894545,0.595256496558));
#786 = CARTESIAN_POINT('',(0.803902015352,0.614327753533));
#787 = CARTESIAN_POINT('',(0.803930674428,0.633409881343));
#788 = CARTESIAN_POINT('',(0.803963949767,0.652504692045));
#789 = CARTESIAN_POINT('',(0.804001933164,0.671613984747));
#790 = CARTESIAN_POINT('',(0.804044728888,0.690739553371));
#791 = CARTESIAN_POINT('',(0.804076550764,0.703501977805));
#792 = CARTESIAN_POINT('',(0.804093304368,0.70988650013));
#793 = ( GEOMETRIC_REPRESENTATION_CONTEXT(2) 
PARAMETRIC_REPRESENTATION_CONTEXT() REPRESENTATION_CONTEXT('2D SPACE',''
  ) );
#794 = ORIENTED_EDGE('',*,*,#795,.T.);
#795 = EDGE_CURVE('',#733,#580,#796,.T.);
#796 = SURFACE_CURVE('',#797,(#801,#808),.PCURVE_S1.);
#797 = LINE('',#798,#799);
#798 = CARTESIAN_POINT('',(6.,5.167270867264,-14.6133265133));
#799 = VECTOR('',#800,1.);
#800 = DIRECTION('',(-1.,0.,0.));
#801 = PCURVE('',#129,#802);
#802 = DEFINITIONAL_REPRESENTATION('',(#803),#807);
#803 = LINE('',#804,#805);
#804 = CARTESIAN_POINT('',(0.635727107297,-6.));
#805 = VECTOR('',#806,1.);
#806 = DIRECTION('',(0.,1.));
#807 = ( GEOMETRIC_REPRESENTATION_CONTEXT(2) 
PARAMETRIC_REPRESENTATION_CONTEXT() REPRESENTATION_CONTEXT('2D SPACE',''
  ) );
#808 = PCURVE('',#442,#809);
#809 = DEFINITIONAL_REPRESENTATION('',(#810),#814);
#810 = LINE('',#811,#812);
#811 = CARTESIAN_POINT('',(-5.0522672354,-12.));
#812 = VECTOR('',#813,1.);
#813 = DIRECTION('',(-0.,1.));
#814 = ( GEOMETRIC_REPRESENTATION_CONTEXT(2) 
PARAMETRIC_REPRESENTATION_CONTEXT() REPRESENTATION_CONTEXT('2D SPACE',''
  ) );
#815 = ADVANCED_FACE('',(#816),#101,.F.);
#816 = FACE_BOUND('',#817,.F.);
#817 = EDGE_LOOP('',(#818,#819,#820,#841));
#818 = ORIENTED_EDGE('',*,*,#78,.T.);
#819 = ORIENTED_EDGE('',*,*,#602,.T.);
#820 = ORIENTED_EDGE('',*,*,#821,.T.);
#821 = EDGE_CURVE('',#603,#355,#822,.T.);
#822 = SURFACE_CURVE('',#823,(#827,#834),.PCURVE_S1.);
#823 = LINE('',#824,#825);
#824 = CARTESIAN_POINT('',(16.,8.,-25.));
#825 = VECTOR('',#826,1.);
#826 = DIRECTION('',(0.,-1.,0.));
#827 = PCURVE('',#101,#828);
#828 = DEFINITIONAL_REPRESENTATION('',(#829),#833);
#829 = LINE('',#830,#831);
#830 = CARTESIAN_POINT('',(-8.,-4.823819106189));
#831 = VECTOR('',#832,1.);
#832 = DIRECTION('',(1.,0.));
#833 = ( GEOMETRIC_REPRESENTATION_CONTEXT(2) 
PARAMETRIC_REPRESENTATION_CONTEXT() REPRESENTATION_CONTEXT('2D SPACE',''
  ) );
#834 = PCURVE('',#370,#835);
#835 = DEFINITIONAL_REPRESENTATION('',(#836),#840);
#836 = LINE('',#837,#838);
#837 = CARTESIAN_POINT('',(0.,-16.));
#838 = VECTOR('',#839,1.);
#839 = DIRECTION('',(1.,0.));
#840 = ( GEOMETRIC_REPRESENTATION_CONTEXT(2) 
PARAMETRIC_REPRESENTATION_CONTEXT() REPRESENTATION_CONTEXT('2D SPACE',''
  ) );
#841 = ORIENTED_EDGE('',*,*,#382,.T.);
#842 = ADVANCED_FACE('',(#843),#486,.T.);
#843 = FACE_BOUND('',#844,.T.);
#844 = EDGE_LOOP('',(#845,#867,#868,#891,#912));
#845 = ORIENTED_EDGE('',*,*,#846,.T.);
#846 = EDGE_CURVE('',#427,#733,#847,.T.);
#847 = SURFACE_CURVE('',#848,(#853,#860),.PCURVE_S1.);
#848 = CIRCLE('',#849,15.5);
#849 = AXIS2_PLACEMENT_3D('',#850,#851,#852);
#850 = CARTESIAN_POINT('',(6.,0.,0.));
#851 = DIRECTION('',(-1.,-0.,0.));
#852 = DIRECTION('',(0.,-0.333372314017,-0.942795258923));
#853 = PCURVE('',#486,#854);
#854 = DEFINITIONAL_REPRESENTATION('',(#855),#859);
#855 = B_SPLINE_CURVE_WITH_KNOTS('',2,(#856,#857,#858),.UNSPECIFIED.,.F.
  ,.F.,(3,3),(0.,5.60342879715),.PIECEWISE_BEZIER_KNOTS.);
#856 = CARTESIAN_POINT('',(1.695906695665,0.709886500059));
#857 = CARTESIAN_POINT('',(1.25,0.709886500074));
#858 = CARTESIAN_POINT('',(0.804093304335,0.70988650007));
#859 = ( GEOMETRIC_REPRESENTATION_CONTEXT(2) 
PARAMETRIC_REPRESENTATION_CONTEXT() REPRESENTATION_CONTEXT('2D SPACE',''
  ) );
#860 = PCURVE('',#442,#861);
#861 = DEFINITIONAL_REPRESENTATION('',(#862),#866);
#862 = LINE('',#863,#864);
#863 = CARTESIAN_POINT('',(-10.65569603254,-12.));
#864 = VECTOR('',#865,1.);
#865 = DIRECTION('',(1.,-0.));
#866 = ( GEOMETRIC_REPRESENTATION_CONTEXT(2) 
PARAMETRIC_REPRESENTATION_CONTEXT() REPRESENTATION_CONTEXT('2D SPACE',''
  ) );
#867 = ORIENTED_EDGE('',*,*,#732,.F.);
#868 = ORIENTED_EDGE('',*,*,#869,.T.);
#869 = EDGE_CURVE('',#580,#870,#872,.T.);
#870 = VERTEX_POINT('',#871);
#871 = CARTESIAN_POINT('',(-6.,15.5,0.));
#872 = SURFACE_CURVE('',#873,(#878,#885),.PCURVE_S1.);
#873 = CIRCLE('',#874,15.5);
#874 = AXIS2_PLACEMENT_3D('',#875,#876,#877);
#875 = CARTESIAN_POINT('',(-6.,0.,0.));
#876 = DIRECTION('',(1.,0.,0.));
#877 = DIRECTION('',(0.,1.,0.));
#878 = PCURVE('',#486,#879);
#879 = DEFINITIONAL_REPRESENTATION('',(#880),#884);
#880 = B_SPLINE_CURVE_WITH_KNOTS('',2,(#881,#882,#883),.UNSPECIFIED.,.F.
  ,.F.,(3,3),(5.0522672354,6.28318530718),.PIECEWISE_BEZIER_KNOTS.);
#881 = CARTESIAN_POINT('',(0.804093304335,0.29011349993));
#882 = CARTESIAN_POINT('',(0.902046652168,0.290113499918));
#883 = CARTESIAN_POINT('',(1.,0.290113499899));
#884 = ( GEOMETRIC_REPRESENTATION_CONTEXT(2) 
PARAMETRIC_REPRESENTATION_CONTEXT() REPRESENTATION_CONTEXT('2D SPACE',''
  ) );
#885 = PCURVE('',#442,#886);
#886 = DEFINITIONAL_REPRESENTATION('',(#887),#890);
#887 = B_SPLINE_CURVE_WITH_KNOTS('',1,(#888,#889),.UNSPECIFIED.,.F.,.F.,
  (2,2),(5.0522672354,6.28318530718),.PIECEWISE_BEZIER_KNOTS.);
#888 = CARTESIAN_POINT('',(-5.0522672354,0.));
#889 = CARTESIAN_POINT('',(-6.28318530718,0.));
#890 = ( GEOMETRIC_REPRESENTATION_CONTEXT(2) 
PARAMETRIC_REPRESENTATION_CONTEXT() REPRESENTATION_CONTEXT('2D SPACE',''
  ) );
#891 = ORIENTED_EDGE('',*,*,#892,.T.);
#892 = EDGE_CURVE('',#870,#200,#893,.T.);
#893 = SURFACE_CURVE('',#894,(#899,#906),.PCURVE_S1.);
#894 = CIRCLE('',#895,15.5);
#895 = AXIS2_PLACEMENT_3D('',#896,#897,#898);
#896 = CARTESIAN_POINT('',(-6.,0.,0.));
#897 = DIRECTION('',(1.,0.,0.));
#898 = DIRECTION('',(0.,1.,0.));
#899 = PCURVE('',#486,#900);
#900 = DEFINITIONAL_REPRESENTATION('',(#901),#905);
#901 = B_SPLINE_CURVE_WITH_KNOTS('',2,(#902,#903,#904),.UNSPECIFIED.,.F.
  ,.F.,(3,3),(0.,4.37251072537),.PIECEWISE_BEZIER_KNOTS.);
#902 = CARTESIAN_POINT('',(1.,0.290113499899));
#903 = CARTESIAN_POINT('',(1.347953347832,0.290113499968));
#904 = CARTESIAN_POINT('',(1.695906695665,0.290113499941));
#905 = ( GEOMETRIC_REPRESENTATION_CONTEXT(2) 
PARAMETRIC_REPRESENTATION_CONTEXT() REPRESENTATION_CONTEXT('2D SPACE',''
  ) );
#906 = PCURVE('',#442,#907);
#907 = DEFINITIONAL_REPRESENTATION('',(#908),#911);
#908 = B_SPLINE_CURVE_WITH_KNOTS('',1,(#909,#910),.UNSPECIFIED.,.F.,.F.,
  (2,2),(0.,4.37251072537),.PIECEWISE_BEZIER_KNOTS.);
#909 = CARTESIAN_POINT('',(-6.28318530718,0.));
#910 = CARTESIAN_POINT('',(-10.65569603254,0.));
#911 = ( GEOMETRIC_REPRESENTATION_CONTEXT(2) 
PARAMETRIC_REPRESENTATION_CONTEXT() REPRESENTATION_CONTEXT('2D SPACE',''
  ) );
#912 = ORIENTED_EDGE('',*,*,#454,.F.);
#913 = ADVANCED_FACE('',(#914),#442,.F.);
#914 = FACE_BOUND('',#915,.T.);
#915 = EDGE_LOOP('',(#916,#917,#918,#919,#920));
#916 = ORIENTED_EDGE('',*,*,#892,.F.);
#917 = ORIENTED_EDGE('',*,*,#869,.F.);
#918 = ORIENTED_EDGE('',*,*,#795,.F.);
#919 = ORIENTED_EDGE('',*,*,#846,.F.);
#920 = ORIENTED_EDGE('',*,*,#426,.F.);
#921 = ADVANCED_FACE('',(#922),#370,.T.);
#922 = FACE_BOUND('',#923,.T.);
#923 = EDGE_LOOP('',(#924,#925,#926,#927));
#924 = ORIENTED_EDGE('',*,*,#625,.F.);
#925 = ORIENTED_EDGE('',*,*,#821,.T.);
#926 = ORIENTED_EDGE('',*,*,#354,.F.);
#927 = ORIENTED_EDGE('',*,*,#928,.F.);
#928 = EDGE_CURVE('',#626,#327,#929,.T.);
#929 = SURFACE_CURVE('',#930,(#934,#941),.PCURVE_S1.);
#930 = LINE('',#931,#932);
#931 = CARTESIAN_POINT('',(-16.,8.,-25.));
#932 = VECTOR('',#933,1.);
#933 = DIRECTION('',(0.,-1.,0.));
#934 = PCURVE('',#370,#935);
#935 = DEFINITIONAL_REPRESENTATION('',(#936),#940);
#936 = LINE('',#937,#938);
#937 = CARTESIAN_POINT('',(0.,16.));
#938 = VECTOR('',#939,1.);
#939 = DIRECTION('',(1.,0.));
#940 = ( GEOMETRIC_REPRESENTATION_CONTEXT(2) 
PARAMETRIC_REPRESENTATION_CONTEXT() REPRESENTATION_CONTEXT('2D SPACE',''
  ) );
#941 = PCURVE('',#342,#942);
#942 = DEFINITIONAL_REPRESENTATION('',(#943),#947);
#943 = LINE('',#944,#945);
#944 = CARTESIAN_POINT('',(-8.,-4.823819106189));
#945 = VECTOR('',#946,1.);
#946 = DIRECTION('',(1.,0.));
#947 = ( GEOMETRIC_REPRESENTATION_CONTEXT(2) 
PARAMETRIC_REPRESENTATION_CONTEXT() REPRESENTATION_CONTEXT('2D SPACE',''
  ) );
#948 = ADVANCED_FACE('',(#949,#956),#157,.T.);
#949 = FACE_BOUND('',#950,.T.);
#950 = EDGE_LOOP('',(#951,#952,#953,#954,#955));
#951 = ORIENTED_EDGE('',*,*,#869,.T.);
#952 = ORIENTED_EDGE('',*,*,#892,.T.);
#953 = ORIENTED_EDGE('',*,*,#404,.T.);
#954 = ORIENTED_EDGE('',*,*,#141,.T.);
#955 = ORIENTED_EDGE('',*,*,#579,.T.);
#956 = FACE_BOUND('',#957,.T.);
#957 = EDGE_LOOP('',(#958));
#958 = ORIENTED_EDGE('',*,*,#959,.T.);
#959 = EDGE_CURVE('',#960,#960,#962,.T.);
#960 = VERTEX_POINT('',#961);
#961 = CARTESIAN_POINT('',(-6.,13.8,0.));
#962 = SURFACE_CURVE('',#963,(#968,#979),.PCURVE_S1.);
#963 = CIRCLE('',#964,13.8);
#964 = AXIS2_PLACEMENT_3D('',#965,#966,#967);
#965 = CARTESIAN_POINT('',(-6.,0.,0.));
#966 = DIRECTION('',(-1.,0.,0.));
#967 = DIRECTION('',(0.,1.,0.));
#968 = PCURVE('',#157,#969);
#969 = DEFINITIONAL_REPRESENTATION('',(#970),#978);
#970 = ( BOUNDED_CURVE() B_SPLINE_CURVE(2,(#971,#972,#973,#974,#975,#976
,#977),.UNSPECIFIED.,.T.,.F.) B_SPLINE_CURVE_WITH_KNOTS((1,2,2,2,2,1),(
    -2.094395102393,0.,2.094395102393,4.188790204786,6.28318530718,
8.377580409573),.UNSPECIFIED.) CURVE() GEOMETRIC_REPRESENTATION_ITEM() 
RATIONAL_B_SPLINE_CURVE((1.,0.5,1.,0.5,1.,0.5,1.)) REPRESENTATION_ITEM(
  '') );
#971 = CARTESIAN_POINT('',(13.8,-7.788169249974E-16));
#972 = CARTESIAN_POINT('',(13.8,-23.90230114445));
#973 = CARTESIAN_POINT('',(-6.9,-11.95115057222));
#974 = CARTESIAN_POINT('',(-27.6,-4.158842090644E-15));
#975 = CARTESIAN_POINT('',(-6.9,11.951150572225));
#976 = CARTESIAN_POINT('',(13.8,23.902301144451));
#977 = CARTESIAN_POINT('',(13.8,-7.788169249974E-16));
#978 = ( GEOMETRIC_REPRESENTATION_CONTEXT(2) 
PARAMETRIC_REPRESENTATION_CONTEXT() REPRESENTATION_CONTEXT('2D SPACE',''
  ) );
#979 = PCURVE('',#980,#985);
#980 = CYLINDRICAL_SURFACE('',#981,13.8);
#981 = AXIS2_PLACEMENT_3D('',#982,#983,#984);
#982 = CARTESIAN_POINT('',(-14.,0.,0.));
#983 = DIRECTION('',(-1.,-0.,-0.));
#984 = DIRECTION('',(0.,1.,0.));
#985 = DEFINITIONAL_REPRESENTATION('',(#986),#990);
#986 = LINE('',#987,#988);
#987 = CARTESIAN_POINT('',(-6.28318530718,-8.));
#988 = VECTOR('',#989,1.);
#989 = DIRECTION('',(1.,-0.));
#990 = ( GEOMETRIC_REPRESENTATION_CONTEXT(2) 
PARAMETRIC_REPRESENTATION_CONTEXT() REPRESENTATION_CONTEXT('2D SPACE',''
  ) );
#991 = ADVANCED_FACE('',(#992),#225,.T.);
#992 = FACE_BOUND('',#993,.T.);
#993 = EDGE_LOOP('',(#994,#1028,#1050,#1051,#1052,#1214,#1215,#1216));
#994 = ORIENTED_EDGE('',*,*,#995,.T.);
#995 = EDGE_CURVE('',#996,#996,#998,.T.);
#996 = VERTEX_POINT('',#997);
#997 = CARTESIAN_POINT('',(-14.,13.8,0.));
#998 = SURFACE_CURVE('',#999,(#1015,#1022),.PCURVE_S1.);
#999 = B_SPLINE_CURVE_WITH_KNOTS('',14,(#1000,#1001,#1002,#1003,#1004,
    #1005,#1006,#1007,#1008,#1009,#1010,#1011,#1012,#1013,#1014),
  .UNSPECIFIED.,.T.,.F.,(15,15),(0.,1.),.PIECEWISE_BEZIER_KNOTS.);
#1000 = CARTESIAN_POINT('',(-14.,13.8,-2.652801758227E-14));
#1001 = CARTESIAN_POINT('',(-14.,13.800000000004,6.193425517082));
#1002 = CARTESIAN_POINT('',(-14.,10.806581815429,12.386853320283));
#1003 = CARTESIAN_POINT('',(-14.,4.819741619586,17.012906982724));
#1004 = CARTESIAN_POINT('',(-14.,-3.265226483463,18.504386822369));
#1005 = CARTESIAN_POINT('',(-14.,-11.65790411345,15.85588068199));
#1006 = CARTESIAN_POINT('',(-14.,-18.06477548303,9.189216384581));
#1007 = CARTESIAN_POINT('',(-14.,-20.4768347081,2.569073842551E-10));
#1008 = CARTESIAN_POINT('',(-14.,-18.06477548304,-9.189216385051));
#1009 = CARTESIAN_POINT('',(-14.,-11.65790411344,-15.85588068163));
#1010 = CARTESIAN_POINT('',(-14.,-3.265226483472,-18.50438682259));
#1011 = CARTESIAN_POINT('',(-14.,4.819741619592,-17.01290698261));
#1012 = CARTESIAN_POINT('',(-14.,10.806581815427,-12.38685332032));
#1013 = CARTESIAN_POINT('',(-14.,13.800000000005,-6.193425517074));
#1014 = CARTESIAN_POINT('',(-14.,13.8,2.527322188474E-14));
#1015 = PCURVE('',#225,#1016);
#1016 = DEFINITIONAL_REPRESENTATION('',(#1017),#1021);
#1017 = LINE('',#1018,#1019);
#1018 = CARTESIAN_POINT('',(0.,0.));
#1019 = VECTOR('',#1020,1.);
#1020 = DIRECTION('',(1.,0.));
#1021 = ( GEOMETRIC_REPRESENTATION_CONTEXT(2) 
PARAMETRIC_REPRESENTATION_CONTEXT() REPRESENTATION_CONTEXT('2D SPACE',''
  ) );
#1022 = PCURVE('',#980,#1023);
#1023 = DEFINITIONAL_REPRESENTATION('',(#1024),#1027);
#1024 = B_SPLINE_CURVE_WITH_KNOTS('',1,(#1025,#1026),.UNSPECIFIED.,.F.,
  .F.,(2,2),(0.,1.),.PIECEWISE_BEZIER_KNOTS.);
#1025 = CARTESIAN_POINT('',(0.,0.));
#1026 = CARTESIAN_POINT('',(-6.28318530718,0.));
#1027 = ( GEOMETRIC_REPRESENTATION_CONTEXT(2) 
PARAMETRIC_REPRESENTATION_CONTEXT() REPRESENTATION_CONTEXT('2D SPACE',''
  ) );
#1028 = ORIENTED_EDGE('',*,*,#1029,.T.);
#1029 = EDGE_CURVE('',#996,#870,#1030,.T.);
#1030 = SEAM_CURVE('',#1031,(#1036,#1043),.PCURVE_S1.);
#1031 = ( BOUNDED_CURVE() B_SPLINE_CURVE(3,(#1032,#1033,#1034,#1035),
.UNSPECIFIED.,.F.,.F.) B_SPLINE_CURVE_WITH_KNOTS((4,4),(0.,1.),
.PIECEWISE_BEZIER_KNOTS.) CURVE() GEOMETRIC_REPRESENTATION_ITEM() 
RATIONAL_B_SPLINE_CURVE((1.,1.,1.,1.)) REPRESENTATION_ITEM('') );
#1032 = CARTESIAN_POINT('',(-14.,13.8,-2.652801758227E-14));
#1033 = CARTESIAN_POINT('',(-5.141608611878,16.551508197344,
    2.040599808724E-14));
#1034 = CARTESIAN_POINT('',(5.141608611878,16.551508197344,
    2.040599808724E-14));
#1035 = CARTESIAN_POINT('',(14.,13.8,-2.652801758227E-14));
#1036 = PCURVE('',#225,#1037);
#1037 = DEFINITIONAL_REPRESENTATION('',(#1038),#1042);
#1038 = LINE('',#1039,#1040);
#1039 = CARTESIAN_POINT('',(0.,0.));
#1040 = VECTOR('',#1041,1.);
#1041 = DIRECTION('',(0.,1.));
#1042 = ( GEOMETRIC_REPRESENTATION_CONTEXT(2) 
PARAMETRIC_REPRESENTATION_CONTEXT() REPRESENTATION_CONTEXT('2D SPACE',''
  ) );
#1043 = PCURVE('',#225,#1044);
#1044 = DEFINITIONAL_REPRESENTATION('',(#1045),#1049);
#1045 = LINE('',#1046,#1047);
#1046 = CARTESIAN_POINT('',(1.,0.));
#1047 = VECTOR('',#1048,1.);
#1048 = DIRECTION('',(0.,1.));
#1049 = ( GEOMETRIC_REPRESENTATION_CONTEXT(2) 
PARAMETRIC_REPRESENTATION_CONTEXT() REPRESENTATION_CONTEXT('2D SPACE',''
  ) );
#1050 = ORIENTED_EDGE('',*,*,#869,.F.);
#1051 = ORIENTED_EDGE('',*,*,#694,.F.);
#1052 = ORIENTED_EDGE('',*,*,#1053,.T.);
#1053 = EDGE_CURVE('',#672,#198,#1054,.T.);
#1054 = SURFACE_CURVE('',#1055,(#1106,#1160),.PCURVE_S1.);
#1055 = B_SPLINE_CURVE_WITH_KNOTS('',7,(#1056,#1057,#1058,#1059,#1060,
    #1061,#1062,#1063,#1064,#1065,#1066,#1067,#1068,#1069,#1070,#1071,
    #1072,#1073,#1074,#1075,#1076,#1077,#1078,#1079,#1080,#1081,#1082,
    #1083,#1084,#1085,#1086,#1087,#1088,#1089,#1090,#1091,#1092,#1093,
    #1094,#1095,#1096,#1097,#1098,#1099,#1100,#1101,#1102,#1103,#1104,
    #1105),.UNSPECIFIED.,.F.,.F.,(8,6,6,6,6,6,6,6,8),(0.,0.274651664137,
    0.360063477419,0.406931450234,0.49983074402,0.593916281338,
    0.639251320062,0.724993451322,1.),.UNSPECIFIED.);
#1056 = CARTESIAN_POINT('',(-9.861732181338,5.,-14.));
#1057 = CARTESIAN_POINT('',(-10.28656216134,4.738101652941,-14.));
#1058 = CARTESIAN_POINT('',(-10.69811586085,4.455697074758,-14.));
#1059 = CARTESIAN_POINT('',(-11.09462509163,4.150886860988,-14.));
#1060 = CARTESIAN_POINT('',(-11.47258470158,3.821865946839,-14.));
#1061 = CARTESIAN_POINT('',(-11.8268455582,3.467052961892,-14.));
#1062 = CARTESIAN_POINT('',(-12.15076472113,3.085251914496,-14.));
#1063 = CARTESIAN_POINT('',(-12.52475222899,2.548082274414,-14.));
#1064 = CARTESIAN_POINT('',(-12.60968314143,2.418022093127,-14.));
#1065 = CARTESIAN_POINT('',(-12.69056402438,2.2853366007,-14.));
#1066 = CARTESIAN_POINT('',(-12.76710529046,2.150061811351,-14.));
#1067 = CARTESIAN_POINT('',(-12.83900293522,2.012263537979,-14.));
#1068 = CARTESIAN_POINT('',(-12.9059475429,1.872042312124,-14.));
#1069 = CARTESIAN_POINT('',(-13.00148207601,1.651342165436,-14.));
#1070 = CARTESIAN_POINT('',(-13.03374715422,1.572459413755,-14.));
#1071 = CARTESIAN_POINT('',(-13.06437787094,1.492914168481,-14.));
#1072 = CARTESIAN_POINT('',(-13.09332413686,1.41273423372,-14.));
#1073 = CARTESIAN_POINT('',(-13.12053721359,1.331951378195,-14.));
#1074 = CARTESIAN_POINT('',(-13.14597049816,1.25060161533,-14.));
#1075 = CARTESIAN_POINT('',(-13.21637846169,1.006434810582,-14.));
#1076 = CARTESIAN_POINT('',(-13.25601712251,0.842058806865,-14.));
#1077 = CARTESIAN_POINT('',(-13.28814730786,0.675937763691,-14.));
#1078 = CARTESIAN_POINT('',(-13.31248076057,0.508449224751,-14.));
#1079 = CARTESIAN_POINT('',(-13.32880783255,0.340010512703,-14.));
#1080 = CARTESIAN_POINT('',(-13.33701536881,0.171081255937,-14.));
#1081 = CARTESIAN_POINT('',(-13.33719495371,-0.168906327874,-14.));
#1082 = CARTESIAN_POINT('',(-13.32895836141,-0.34000341011,-14.));
#1083 = CARTESIAN_POINT('',(-13.31239160542,-0.510599747271,-14.));
#1084 = CARTESIAN_POINT('',(-13.28761226934,-0.680217334455,-14.));
#1085 = CARTESIAN_POINT('',(-13.25483948441,-0.848423073782,-14.));
#1086 = CARTESIAN_POINT('',(-13.21437468424,-1.014826102236,-14.));
#1087 = CARTESIAN_POINT('',(-13.14355366725,-1.258218373289,-14.));
#1088 = CARTESIAN_POINT('',(-13.11882250692,-1.336865721171,-14.));
#1089 = CARTESIAN_POINT('',(-13.0924286084,-1.414980758685,-14.));
#1090 = CARTESIAN_POINT('',(-13.06441421916,-1.492531033784,-14.));
#1091 = CARTESIAN_POINT('',(-13.03482343974,-1.569487809175,-14.));
#1092 = CARTESIAN_POINT('',(-13.00370155908,-1.645825824657,-14.));
#1093 = CARTESIAN_POINT('',(-12.90942447069,-1.864689193764,-14.));
#1094 = CARTESIAN_POINT('',(-12.84244249286,-2.005560668711,-14.));
#1095 = CARTESIAN_POINT('',(-12.77045768461,-2.143994279781,-14.));
#1096 = CARTESIAN_POINT('',(-12.69378321595,-2.279887255471,-14.));
#1097 = CARTESIAN_POINT('',(-12.61272696293,-2.413172227389,-14.));
#1098 = CARTESIAN_POINT('',(-12.5275822719,-2.543812200351,-14.));
#1099 = CARTESIAN_POINT('',(-12.15327990613,-3.082285105494,-14.));
#1100 = CARTESIAN_POINT('',(-11.82913837188,-3.464756074363,-14.));
#1101 = CARTESIAN_POINT('',(-11.47454067454,-3.820163078117,-14.));
#1102 = CARTESIAN_POINT('',(-11.09616334033,-4.149704170288,-14.));
#1103 = CARTESIAN_POINT('',(-10.69918056286,-4.454966298386,-14.));
#1104 = CARTESIAN_POINT('',(-10.28711269114,-4.737762258738,-14.));
#1105 = CARTESIAN_POINT('',(-9.86173217102,-5.,-14.));
#1106 = PCURVE('',#225,#1107);
#1107 = DEFINITIONAL_REPRESENTATION('',(#1108),#1159);
#1108 = B_SPLINE_CURVE_WITH_KNOTS('',7,(#1109,#1110,#1111,#1112,#1113,
    #1114,#1115,#1116,#1117,#1118,#1119,#1120,#1121,#1122,#1123,#1124,
    #1125,#1126,#1127,#1128,#1129,#1130,#1131,#1132,#1133,#1134,#1135,
    #1136,#1137,#1138,#1139,#1140,#1141,#1142,#1143,#1144,#1145,#1146,
    #1147,#1148,#1149,#1150,#1151,#1152,#1153,#1154,#1155,#1156,#1157,
    #1158),.UNSPECIFIED.,.F.,.F.,(8,6,6,6,6,6,6,6,8),(0.,0.274651664137,
    0.360063477419,0.406931450234,0.49983074402,0.593916281338,
    0.639251320062,0.724993451322,1.),.UNSPECIFIED.);
#1109 = CARTESIAN_POINT('',(0.804593955756,0.152364592081));
#1110 = CARTESIAN_POINT('',(0.801953440676,0.137016282559));
#1111 = CARTESIAN_POINT('',(0.799069671974,0.122088604285));
#1112 = CARTESIAN_POINT('',(0.795914663441,0.107647601387));
#1113 = CARTESIAN_POINT('',(0.792459925091,9.382431181294E-02));
#1114 = CARTESIAN_POINT('',(0.788678168148,8.081374923637E-02));
#1115 = CARTESIAN_POINT('',(0.784547290156,6.887282000042E-02));
#1116 = CARTESIAN_POINT('',(0.778655802293,5.504432838661E-02));
#1117 = CARTESIAN_POINT('',(0.777223875962,5.190043453935E-02));
#1118 = CARTESIAN_POINT('',(0.775757589178,4.890327391734E-02));
#1119 = CARTESIAN_POINT('',(0.774257304012,4.606409443651E-02));
#1120 = CARTESIAN_POINT('',(0.772723790511,4.339471533698E-02));
#1121 = CARTESIAN_POINT('',(0.771158299742,4.090717677866E-02));
#1122 = CARTESIAN_POINT('',(0.768687049677,3.73547208915E-02));
#1123 = CARTESIAN_POINT('',(0.767802385795,3.615440034784E-02));
#1124 = CARTESIAN_POINT('',(0.766908953847,3.501439978978E-02));
#1125 = CARTESIAN_POINT('',(0.766007113756,3.393666995867E-02));
#1126 = CARTESIAN_POINT('',(0.765097279974,3.29231095268E-02));
#1127 = CARTESIAN_POINT('',(0.764179924748,3.197553427082E-02));
#1128 = CARTESIAN_POINT('',(0.761423395371,2.935157729414E-02));
#1129 = CARTESIAN_POINT('',(0.759563560295,2.787326562003E-02));
#1130 = CARTESIAN_POINT('',(0.757680497046,2.667429967228E-02));
#1131 = CARTESIAN_POINT('',(0.755779217897,2.576591529639E-02));
#1132 = CARTESIAN_POINT('',(0.753865304795,2.515629034853E-02));
#1133 = CARTESIAN_POINT('',(0.751944887646,2.484983931007E-02));
#1134 = CARTESIAN_POINT('',(0.748079837416,2.484313395479E-02));
#1135 = CARTESIAN_POINT('',(0.74613475887,2.515066973349E-02));
#1136 = CARTESIAN_POINT('',(0.744196319281,2.576924700144E-02));
#1137 = CARTESIAN_POINT('',(0.742270893076,2.669427843134E-02));
#1138 = CARTESIAN_POINT('',(0.740364273576,2.791721634563E-02));
#1139 = CARTESIAN_POINT('',(0.738481649795,2.942631145672E-02));
#1140 = CARTESIAN_POINT('',(0.735734202796,3.206557397499E-02));
#1141 = CARTESIAN_POINT('',(0.734847405649,3.29869649774E-02));
#1142 = CARTESIAN_POINT('',(0.733967670619,3.396999660112E-02));
#1143 = CARTESIAN_POINT('',(0.733095423164,3.501302278873E-02));
#1144 = CARTESIAN_POINT('',(0.732231038154,3.611432555437E-02));
#1145 = CARTESIAN_POINT('',(0.731374842652,3.727214109939E-02));
#1146 = CARTESIAN_POINT('',(0.728923818863,4.077797122715E-02));
#1147 = CARTESIAN_POINT('',(0.727350850404,4.326699368994E-02));
#1148 = CARTESIAN_POINT('',(0.725810058677,4.593970976697E-02));
#1149 = CARTESIAN_POINT('',(0.724302724015,4.878393295109E-02));
#1150 = CARTESIAN_POINT('',(0.722829636286,5.178769319008E-02));
#1151 = CARTESIAN_POINT('',(0.721391169478,5.493959629935E-02));
#1152 = CARTESIAN_POINT('',(0.715484811024,6.878009894978E-02));
#1153 = CARTESIAN_POINT('',(0.711346313723,8.072954250528E-02));
#1154 = CARTESIAN_POINT('',(0.7075579552,9.375277503783E-02));
#1155 = CARTESIAN_POINT('',(0.704097578577,0.107591577515));
#1156 = CARTESIAN_POINT('',(0.700937790529,0.122049985561));
#1157 = CARTESIAN_POINT('',(0.698049981168,0.136996392952));
#1158 = CARTESIAN_POINT('',(0.695406044242,0.152364592453));
#1159 = ( GEOMETRIC_REPRESENTATION_CONTEXT(2) 
PARAMETRIC_REPRESENTATION_CONTEXT() REPRESENTATION_CONTEXT('2D SPACE',''
  ) );
#1160 = PCURVE('',#314,#1161);
#1161 = DEFINITIONAL_REPRESENTATION('',(#1162),#1213);
#1162 = B_SPLINE_CURVE_WITH_KNOTS('',7,(#1163,#1164,#1165,#1166,#1167,
    #1168,#1169,#1170,#1171,#1172,#1173,#1174,#1175,#1176,#1177,#1178,
    #1179,#1180,#1181,#1182,#1183,#1184,#1185,#1186,#1187,#1188,#1189,
    #1190,#1191,#1192,#1193,#1194,#1195,#1196,#1197,#1198,#1199,#1200,
    #1201,#1202,#1203,#1204,#1205,#1206,#1207,#1208,#1209,#1210,#1211,
    #1212),.UNSPECIFIED.,.F.,.F.,(8,6,6,6,6,6,6,6,8),(0.,0.274651664137,
    0.360063477419,0.406931450234,0.49983074402,0.593916281338,
    0.639251320062,0.724993451322,1.),.UNSPECIFIED.);
#1163 = CARTESIAN_POINT('',(10.,-9.861732181338));
#1164 = CARTESIAN_POINT('',(9.738101652941,-10.28656216134));
#1165 = CARTESIAN_POINT('',(9.455697074758,-10.69811586085));
#1166 = CARTESIAN_POINT('',(9.150886860988,-11.09462509163));
#1167 = CARTESIAN_POINT('',(8.821865946839,-11.47258470158));
#1168 = CARTESIAN_POINT('',(8.467052961892,-11.8268455582));
#1169 = CARTESIAN_POINT('',(8.085251914496,-12.15076472113));
#1170 = CARTESIAN_POINT('',(7.548082274414,-12.52475222899));
#1171 = CARTESIAN_POINT('',(7.418022093127,-12.60968314143));
#1172 = CARTESIAN_POINT('',(7.2853366007,-12.69056402438));
#1173 = CARTESIAN_POINT('',(7.150061811351,-12.76710529046));
#1174 = CARTESIAN_POINT('',(7.012263537979,-12.83900293522));
#1175 = CARTESIAN_POINT('',(6.872042312124,-12.9059475429));
#1176 = CARTESIAN_POINT('',(6.651342165436,-13.00148207601));
#1177 = CARTESIAN_POINT('',(6.572459413755,-13.03374715422));
#1178 = CARTESIAN_POINT('',(6.492914168481,-13.06437787094));
#1179 = CARTESIAN_POINT('',(6.41273423372,-13.09332413686));
#1180 = CARTESIAN_POINT('',(6.331951378195,-13.12053721359));
#1181 = CARTESIAN_POINT('',(6.25060161533,-13.14597049816));
#1182 = CARTESIAN_POINT('',(6.006434810582,-13.21637846169));
#1183 = CARTESIAN_POINT('',(5.842058806865,-13.25601712251));
#1184 = CARTESIAN_POINT('',(5.675937763691,-13.28814730786));
#1185 = CARTESIAN_POINT('',(5.508449224751,-13.31248076057));
#1186 = CARTESIAN_POINT('',(5.340010512703,-13.32880783255));
#1187 = CARTESIAN_POINT('',(5.171081255937,-13.33701536881));
#1188 = CARTESIAN_POINT('',(4.831093672126,-13.33719495371));
#1189 = CARTESIAN_POINT('',(4.65999658989,-13.32895836141));
#1190 = CARTESIAN_POINT('',(4.489400252729,-13.31239160542));
#1191 = CARTESIAN_POINT('',(4.319782665545,-13.28761226934));
#1192 = CARTESIAN_POINT('',(4.151576926218,-13.25483948441));
#1193 = CARTESIAN_POINT('',(3.985173897764,-13.21437468424));
#1194 = CARTESIAN_POINT('',(3.741781626711,-13.14355366725));
#1195 = CARTESIAN_POINT('',(3.663134278829,-13.11882250692));
#1196 = CARTESIAN_POINT('',(3.585019241315,-13.0924286084));
#1197 = CARTESIAN_POINT('',(3.507468966216,-13.06441421916));
#1198 = CARTESIAN_POINT('',(3.430512190825,-13.03482343974));
#1199 = CARTESIAN_POINT('',(3.354174175343,-13.00370155908));
#1200 = CARTESIAN_POINT('',(3.135310806236,-12.90942447069));
#1201 = CARTESIAN_POINT('',(2.994439331289,-12.84244249286));
#1202 = CARTESIAN_POINT('',(2.856005720219,-12.77045768461));
#1203 = CARTESIAN_POINT('',(2.720112744529,-12.69378321595));
#1204 = CARTESIAN_POINT('',(2.586827772611,-12.61272696293));
#1205 = CARTESIAN_POINT('',(2.456187799649,-12.5275822719));
#1206 = CARTESIAN_POINT('',(1.917714894506,-12.15327990613));
#1207 = CARTESIAN_POINT('',(1.535243925637,-11.82913837188));
#1208 = CARTESIAN_POINT('',(1.179836921883,-11.47454067454));
#1209 = CARTESIAN_POINT('',(0.850295829712,-11.09616334033));
#1210 = CARTESIAN_POINT('',(0.545033701614,-10.69918056286));
#1211 = CARTESIAN_POINT('',(0.262237741262,-10.28711269114));
#1212 = CARTESIAN_POINT('',(0.,-9.86173217102));
#1213 = ( GEOMETRIC_REPRESENTATION_CONTEXT(2) 
PARAMETRIC_REPRESENTATION_CONTEXT() REPRESENTATION_CONTEXT('2D SPACE',''
  ) );
#1214 = ORIENTED_EDGE('',*,*,#197,.T.);
#1215 = ORIENTED_EDGE('',*,*,#892,.F.);
#1216 = ORIENTED_EDGE('',*,*,#1029,.F.);
#1217 = ADVANCED_FACE('',(#1218),#314,.F.);
#1218 = FACE_BOUND('',#1219,.F.);
#1219 = EDGE_LOOP('',(#1220,#1221,#1222,#1243));
#1220 = ORIENTED_EDGE('',*,*,#1053,.T.);
#1221 = ORIENTED_EDGE('',*,*,#298,.T.);
#1222 = ORIENTED_EDGE('',*,*,#1223,.T.);
#1223 = EDGE_CURVE('',#299,#649,#1224,.T.);
#1224 = SURFACE_CURVE('',#1225,(#1229,#1236),.PCURVE_S1.);
#1225 = LINE('',#1226,#1227);
#1226 = CARTESIAN_POINT('',(-16.,-5.,-14.));
#1227 = VECTOR('',#1228,1.);
#1228 = DIRECTION('',(0.,1.,0.));
#1229 = PCURVE('',#314,#1230);
#1230 = DEFINITIONAL_REPRESENTATION('',(#1231),#1235);
#1231 = LINE('',#1232,#1233);
#1232 = CARTESIAN_POINT('',(0.,-16.));
#1233 = VECTOR('',#1234,1.);
#1234 = DIRECTION('',(1.,0.));
#1235 = ( GEOMETRIC_REPRESENTATION_CONTEXT(2) 
PARAMETRIC_REPRESENTATION_CONTEXT() REPRESENTATION_CONTEXT('2D SPACE',''
  ) );
#1236 = PCURVE('',#342,#1237);
#1237 = DEFINITIONAL_REPRESENTATION('',(#1238),#1242);
#1238 = LINE('',#1239,#1240);
#1239 = CARTESIAN_POINT('',(5.,6.176180893811));
#1240 = VECTOR('',#1241,1.);
#1241 = DIRECTION('',(-1.,0.));
#1242 = ( GEOMETRIC_REPRESENTATION_CONTEXT(2) 
PARAMETRIC_REPRESENTATION_CONTEXT() REPRESENTATION_CONTEXT('2D SPACE',''
  ) );
#1243 = ORIENTED_EDGE('',*,*,#671,.F.);
#1244 = ADVANCED_FACE('',(#1245),#342,.T.);
#1245 = FACE_BOUND('',#1246,.T.);
#1246 = EDGE_LOOP('',(#1247,#1248,#1249,#1250));
#1247 = ORIENTED_EDGE('',*,*,#1223,.T.);
#1248 = ORIENTED_EDGE('',*,*,#648,.T.);
#1249 = ORIENTED_EDGE('',*,*,#928,.T.);
#1250 = ORIENTED_EDGE('',*,*,#326,.T.);
#1251 = ADVANCED_FACE('',(#1252),#980,.F.);
#1252 = FACE_BOUND('',#1253,.T.);
#1253 = EDGE_LOOP('',(#1254,#1255,#1276,#1277));
#1254 = ORIENTED_EDGE('',*,*,#995,.F.);
#1255 = ORIENTED_EDGE('',*,*,#1256,.T.);
#1256 = EDGE_CURVE('',#996,#960,#1257,.T.);
#1257 = SEAM_CURVE('',#1258,(#1262,#1269),.PCURVE_S1.);
#1258 = LINE('',#1259,#1260);
#1259 = CARTESIAN_POINT('',(-14.,13.8,0.));
#1260 = VECTOR('',#1261,1.);
#1261 = DIRECTION('',(1.,0.,0.));
#1262 = PCURVE('',#980,#1263);
#1263 = DEFINITIONAL_REPRESENTATION('',(#1264),#1268);
#1264 = LINE('',#1265,#1266);
#1265 = CARTESIAN_POINT('',(-6.28318530718,0.));
#1266 = VECTOR('',#1267,1.);
#1267 = DIRECTION('',(-0.,-1.));
#1268 = ( GEOMETRIC_REPRESENTATION_CONTEXT(2) 
PARAMETRIC_REPRESENTATION_CONTEXT() REPRESENTATION_CONTEXT('2D SPACE',''
  ) );
#1269 = PCURVE('',#980,#1270);
#1270 = DEFINITIONAL_REPRESENTATION('',(#1271),#1275);
#1271 = LINE('',#1272,#1273);
#1272 = CARTESIAN_POINT('',(-0.,0.));
#1273 = VECTOR('',#1274,1.);
#1274 = DIRECTION('',(-0.,-1.));
#1275 = ( GEOMETRIC_REPRESENTATION_CONTEXT(2) 
PARAMETRIC_REPRESENTATION_CONTEXT() REPRESENTATION_CONTEXT('2D SPACE',''
  ) );
#1276 = ORIENTED_EDGE('',*,*,#959,.F.);
#1277 = ORIENTED_EDGE('',*,*,#1256,.F.);
#1278 = ( GEOMETRIC_REPRESENTATION_CONTEXT(3) 
GLOBAL_UNCERTAINTY_ASSIGNED_CONTEXT((#1282)) 
GLOBAL_UNIT_ASSIGNED_CONTEXT((#1279,#1280,#1281)) REPRESENTATION_CONTEXT
('Context #1','3D Context with UNIT and UNCERTAINTY') );
#1279 = ( LENGTH_UNIT() NAMED_UNIT(*) SI_UNIT(.MILLI.,.METRE.) );
#1280 = ( NAMED_UNIT(*) PLANE_ANGLE_UNIT() SI_UNIT($,.RADIAN.) );
#1281 = ( NAMED_UNIT(*) SI_UNIT($,.STERADIAN.) SOLID_ANGLE_UNIT() );
#1282 = UNCERTAINTY_MEASURE_WITH_UNIT(LENGTH_MEASURE(2.E-06),#1279,
  'distance_accuracy_value','confusion accuracy');
#1283 = CONTEXT_DEPENDENT_SHAPE_REPRESENTATION(#1284,#1286);
#1284 = ( REPRESENTATION_RELATIONSHIP('','',#71,#48) 
REPRESENTATION_RELATIONSHIP_WITH_TRANSFORMATION(#1285) 
SHAPE_REPRESENTATION_RELATIONSHIP() );
#1285 = ITEM_DEFINED_TRANSFORMATION('','',#11,#49);
#1286 = PRODUCT_DEFINITION_SHAPE('Placement','Placement of an item',
  #1287);
#1287 = NEXT_ASSEMBLY_USAGE_OCCURRENCE('375','=>[0:1:1:3]','',#43,#66,$
  );
#1288 = PRODUCT_RELATED_PRODUCT_CATEGORY('part',$,(#68));
#1289 = SHAPE_DEFINITION_REPRESENTATION(#1290,#1296);
#1290 = PRODUCT_DEFINITION_SHAPE('','',#1291);
#1291 = PRODUCT_DEFINITION('design','',#1292,#1295);
#1292 = PRODUCT_DEFINITION_FORMATION('','',#1293);
#1293 = PRODUCT('left_tube','left_tube','',(#1294));
#1294 = PRODUCT_CONTEXT('',#2,'mechanical');
#1295 = PRODUCT_DEFINITION_CONTEXT('part definition',#2,'design');
#1296 = SHAPE_REPRESENTATION('',(#11,#1297),#1301);
#1297 = AXIS2_PLACEMENT_3D('',#1298,#1299,#1300);
#1298 = CARTESIAN_POINT('',(0.,0.,0.));
#1299 = DIRECTION('',(0.,0.,1.));
#1300 = DIRECTION('',(1.,0.,-0.));
#1301 = ( GEOMETRIC_REPRESENTATION_CONTEXT(3) 
GLOBAL_UNCERTAINTY_ASSIGNED_CONTEXT((#1305)) 
GLOBAL_UNIT_ASSIGNED_CONTEXT((#1302,#1303,#1304)) REPRESENTATION_CONTEXT
('Context #1','3D Context with UNIT and UNCERTAINTY') );
#1302 = ( LENGTH_UNIT() NAMED_UNIT(*) SI_UNIT(.MILLI.,.METRE.) );
#1303 = ( NAMED_UNIT(*) PLANE_ANGLE_UNIT() SI_UNIT($,.RADIAN.) );
#1304 = ( NAMED_UNIT(*) SI_UNIT($,.STERADIAN.) SOLID_ANGLE_UNIT() );
#1305 = UNCERTAINTY_MEASURE_WITH_UNIT(LENGTH_MEASURE(1.E-07),#1302,
  'distance_accuracy_value','confusion accuracy');
#1306 = CONTEXT_DEPENDENT_SHAPE_REPRESENTATION(#1307,#1309);
#1307 = ( REPRESENTATION_RELATIONSHIP('','',#1296,#10) 
REPRESENTATION_RELATIONSHIP_WITH_TRANSFORMATION(#1308) 
SHAPE_REPRESENTATION_RELATIONSHIP() );
#1308 = ITEM_DEFINED_TRANSFORMATION('','',#11,#19);
#1309 = PRODUCT_DEFINITION_SHAPE('Placement','Placement of an item',
  #1310);
#1310 = NEXT_ASSEMBLY_USAGE_OCCURRENCE('378','=>[0:1:1:4]','',#5,#1291,$
  );
#1311 = PRODUCT_RELATED_PRODUCT_CATEGORY('part',$,(#1293));
#1312 = SHAPE_DEFINITION_REPRESENTATION(#1313,#1319);
#1313 = PRODUCT_DEFINITION_SHAPE('','',#1314);
#1314 = PRODUCT_DEFINITION('design','',#1315,#1318);
#1315 = PRODUCT_DEFINITION_FORMATION('','',#1316);
#1316 = PRODUCT('SOLID','SOLID','',(#1317));
#1317 = PRODUCT_CONTEXT('',#2,'mechanical');
#1318 = PRODUCT_DEFINITION_CONTEXT('part definition',#2,'design');
#1319 = ADVANCED_BREP_SHAPE_REPRESENTATION('',(#11,#1320),#1502);
#1320 = MANIFOLD_SOLID_BREP('',#1321);
#1321 = CLOSED_SHELL('',(#1322,#1410,#1488,#1495));
#1322 = ADVANCED_FACE('',(#1323),#1337,.T.);
#1323 = FACE_BOUND('',#1324,.F.);
#1324 = EDGE_LOOP('',(#1325,#1355,#1382,#1383));
#1325 = ORIENTED_EDGE('',*,*,#1326,.T.);
#1326 = EDGE_CURVE('',#1327,#1329,#1331,.T.);
#1327 = VERTEX_POINT('',#1328);
#1328 = CARTESIAN_POINT('',(-75.,13.,0.));
#1329 = VERTEX_POINT('',#1330);
#1330 = CARTESIAN_POINT('',(75.,13.,0.));
#1331 = SEAM_CURVE('',#1332,(#1336,#1348),.PCURVE_S1.);
#1332 = LINE('',#1333,#1334);
#1333 = CARTESIAN_POINT('',(-75.,13.,0.));
#1334 = VECTOR('',#1335,1.);
#1335 = DIRECTION('',(1.,0.,0.));
#1336 = PCURVE('',#1337,#1342);
#1337 = CYLINDRICAL_SURFACE('',#1338,13.);
#1338 = AXIS2_PLACEMENT_3D('',#1339,#1340,#1341);
#1339 = CARTESIAN_POINT('',(-75.,0.,0.));
#1340 = DIRECTION('',(-1.,-0.,-0.));
#1341 = DIRECTION('',(0.,1.,0.));
#1342 = DEFINITIONAL_REPRESENTATION('',(#1343),#1347);
#1343 = LINE('',#1344,#1345);
#1344 = CARTESIAN_POINT('',(-0.,0.));
#1345 = VECTOR('',#1346,1.);
#1346 = DIRECTION('',(-0.,-1.));
#1347 = ( GEOMETRIC_REPRESENTATION_CONTEXT(2) 
PARAMETRIC_REPRESENTATION_CONTEXT() REPRESENTATION_CONTEXT('2D SPACE',''
  ) );
#1348 = PCURVE('',#1337,#1349);
#1349 = DEFINITIONAL_REPRESENTATION('',(#1350),#1354);
#1350 = LINE('',#1351,#1352);
#1351 = CARTESIAN_POINT('',(-6.28318530718,0.));
#1352 = VECTOR('',#1353,1.);
#1353 = DIRECTION('',(-0.,-1.));
#1354 = ( GEOMETRIC_REPRESENTATION_CONTEXT(2) 
PARAMETRIC_REPRESENTATION_CONTEXT() REPRESENTATION_CONTEXT('2D SPACE',''
  ) );
#1355 = ORIENTED_EDGE('',*,*,#1356,.T.);
#1356 = EDGE_CURVE('',#1329,#1329,#1357,.T.);
#1357 = SURFACE_CURVE('',#1358,(#1363,#1370),.PCURVE_S1.);
#1358 = CIRCLE('',#1359,13.);
#1359 = AXIS2_PLACEMENT_3D('',#1360,#1361,#1362);
#1360 = CARTESIAN_POINT('',(75.,0.,0.));
#1361 = DIRECTION('',(1.,0.,0.));
#1362 = DIRECTION('',(0.,1.,0.));
#1363 = PCURVE('',#1337,#1364);
#1364 = DEFINITIONAL_REPRESENTATION('',(#1365),#1369);
#1365 = LINE('',#1366,#1367);
#1366 = CARTESIAN_POINT('',(-0.,-150.));
#1367 = VECTOR('',#1368,1.);
#1368 = DIRECTION('',(-1.,0.));
#1369 = ( GEOMETRIC_REPRESENTATION_CONTEXT(2) 
PARAMETRIC_REPRESENTATION_CONTEXT() REPRESENTATION_CONTEXT('2D SPACE',''
  ) );
#1370 = PCURVE('',#1371,#1376);
#1371 = PLANE('',#1372);
#1372 = AXIS2_PLACEMENT_3D('',#1373,#1374,#1375);
#1373 = CARTESIAN_POINT('',(75.,-4.207508100121E-16,1.152322960418E-15)
  );
#1374 = DIRECTION('',(1.,0.,0.));
#1375 = DIRECTION('',(0.,1.,0.));
#1376 = DEFINITIONAL_REPRESENTATION('',(#1377),#1381);
#1377 = CIRCLE('',#1378,13.);
#1378 = AXIS2_PLACEMENT_2D('',#1379,#1380);
#1379 = CARTESIAN_POINT('',(4.207508100121E-16,-1.152322960418E-15));
#1380 = DIRECTION('',(1.,0.));
#1381 = ( GEOMETRIC_REPRESENTATION_CONTEXT(2) 
PARAMETRIC_REPRESENTATION_CONTEXT() REPRESENTATION_CONTEXT('2D SPACE',''
  ) );
#1382 = ORIENTED_EDGE('',*,*,#1326,.F.);
#1383 = ORIENTED_EDGE('',*,*,#1384,.F.);
#1384 = EDGE_CURVE('',#1327,#1327,#1385,.T.);
#1385 = SURFACE_CURVE('',#1386,(#1391,#1398),.PCURVE_S1.);
#1386 = CIRCLE('',#1387,13.);
#1387 = AXIS2_PLACEMENT_3D('',#1388,#1389,#1390);
#1388 = CARTESIAN_POINT('',(-75.,0.,0.));
#1389 = DIRECTION('',(1.,0.,0.));
#1390 = DIRECTION('',(0.,1.,0.));
#1391 = PCURVE('',#1337,#1392);
#1392 = DEFINITIONAL_REPRESENTATION('',(#1393),#1397);
#1393 = LINE('',#1394,#1395);
#1394 = CARTESIAN_POINT('',(-0.,0.));
#1395 = VECTOR('',#1396,1.);
#1396 = DIRECTION('',(-1.,0.));
#1397 = ( GEOMETRIC_REPRESENTATION_CONTEXT(2) 
PARAMETRIC_REPRESENTATION_CONTEXT() REPRESENTATION_CONTEXT('2D SPACE',''
  ) );
#1398 = PCURVE('',#1399,#1404);
#1399 = PLANE('',#1400);
#1400 = AXIS2_PLACEMENT_3D('',#1401,#1402,#1403);
#1401 = CARTESIAN_POINT('',(-75.,-4.207508100121E-16,1.152322960418E-15)
  );
#1402 = DIRECTION('',(1.,0.,0.));
#1403 = DIRECTION('',(0.,1.,0.));
#1404 = DEFINITIONAL_REPRESENTATION('',(#1405),#1409);
#1405 = CIRCLE('',#1406,13.);
#1406 = AXIS2_PLACEMENT_2D('',#1407,#1408);
#1407 = CARTESIAN_POINT('',(4.207508100121E-16,-1.152322960418E-15));
#1408 = DIRECTION('',(1.,0.));
#1409 = ( GEOMETRIC_REPRESENTATION_CONTEXT(2) 
PARAMETRIC_REPRESENTATION_CONTEXT() REPRESENTATION_CONTEXT('2D SPACE',''
  ) );
#1410 = ADVANCED_FACE('',(#1411),#1425,.F.);
#1411 = FACE_BOUND('',#1412,.T.);
#1412 = EDGE_LOOP('',(#1413,#1443,#1465,#1466));
#1413 = ORIENTED_EDGE('',*,*,#1414,.T.);
#1414 = EDGE_CURVE('',#1415,#1417,#1419,.T.);
#1415 = VERTEX_POINT('',#1416);
#1416 = CARTESIAN_POINT('',(-75.,11.8,0.));
#1417 = VERTEX_POINT('',#1418);
#1418 = CARTESIAN_POINT('',(75.,11.8,0.));
#1419 = SEAM_CURVE('',#1420,(#1424,#1436),.PCURVE_S1.);
#1420 = LINE('',#1421,#1422);
#1421 = CARTESIAN_POINT('',(-75.,11.8,0.));
#1422 = VECTOR('',#1423,1.);
#1423 = DIRECTION('',(1.,0.,0.));
#1424 = PCURVE('',#1425,#1430);
#1425 = CYLINDRICAL_SURFACE('',#1426,11.8);
#1426 = AXIS2_PLACEMENT_3D('',#1427,#1428,#1429);
#1427 = CARTESIAN_POINT('',(-75.,0.,0.));
#1428 = DIRECTION('',(-1.,-0.,-0.));
#1429 = DIRECTION('',(0.,1.,0.));
#1430 = DEFINITIONAL_REPRESENTATION('',(#1431),#1435);
#1431 = LINE('',#1432,#1433);
#1432 = CARTESIAN_POINT('',(-0.,0.));
#1433 = VECTOR('',#1434,1.);
#1434 = DIRECTION('',(-0.,-1.));
#1435 = ( GEOMETRIC_REPRESENTATION_CONTEXT(2) 
PARAMETRIC_REPRESENTATION_CONTEXT() REPRESENTATION_CONTEXT('2D SPACE',''
  ) );
#1436 = PCURVE('',#1425,#1437);
#1437 = DEFINITIONAL_REPRESENTATION('',(#1438),#1442);
#1438 = LINE('',#1439,#1440);
#1439 = CARTESIAN_POINT('',(-6.28318530718,0.));
#1440 = VECTOR('',#1441,1.);
#1441 = DIRECTION('',(-0.,-1.));
#1442 = ( GEOMETRIC_REPRESENTATION_CONTEXT(2) 
PARAMETRIC_REPRESENTATION_CONTEXT() REPRESENTATION_CONTEXT('2D SPACE',''
  ) );
#1443 = ORIENTED_EDGE('',*,*,#1444,.T.);
#1444 = EDGE_CURVE('',#1417,#1417,#1445,.T.);
#1445 = SURFACE_CURVE('',#1446,(#1451,#1458),.PCURVE_S1.);
#1446 = CIRCLE('',#1447,11.8);
#1447 = AXIS2_PLACEMENT_3D('',#1448,#1449,#1450);
#1448 = CARTESIAN_POINT('',(75.,0.,0.));
#1449 = DIRECTION('',(1.,0.,0.));
#1450 = DIRECTION('',(0.,1.,0.));
#1451 = PCURVE('',#1425,#1452);
#1452 = DEFINITIONAL_REPRESENTATION('',(#1453),#1457);
#1453 = LINE('',#1454,#1455);
#1454 = CARTESIAN_POINT('',(-0.,-150.));
#1455 = VECTOR('',#1456,1.);
#1456 = DIRECTION('',(-1.,0.));
#1457 = ( GEOMETRIC_REPRESENTATION_CONTEXT(2) 
PARAMETRIC_REPRESENTATION_CONTEXT() REPRESENTATION_CONTEXT('2D SPACE',''
  ) );
#1458 = PCURVE('',#1371,#1459);
#1459 = DEFINITIONAL_REPRESENTATION('',(#1460),#1464);
#1460 = CIRCLE('',#1461,11.8);
#1461 = AXIS2_PLACEMENT_2D('',#1462,#1463);
#1462 = CARTESIAN_POINT('',(4.207508100121E-16,-1.152322960418E-15));
#1463 = DIRECTION('',(1.,0.));
#1464 = ( GEOMETRIC_REPRESENTATION_CONTEXT(2) 
PARAMETRIC_REPRESENTATION_CONTEXT() REPRESENTATION_CONTEXT('2D SPACE',''
  ) );
#1465 = ORIENTED_EDGE('',*,*,#1414,.F.);
#1466 = ORIENTED_EDGE('',*,*,#1467,.F.);
#1467 = EDGE_CURVE('',#1415,#1415,#1468,.T.);
#1468 = SURFACE_CURVE('',#1469,(#1474,#1481),.PCURVE_S1.);
#1469 = CIRCLE('',#1470,11.8);
#1470 = AXIS2_PLACEMENT_3D('',#1471,#1472,#1473);
#1471 = CARTESIAN_POINT('',(-75.,0.,0.));
#1472 = DIRECTION('',(1.,0.,0.));
#1473 = DIRECTION('',(0.,1.,0.));
#1474 = PCURVE('',#1425,#1475);
#1475 = DEFINITIONAL_REPRESENTATION('',(#1476),#1480);
#1476 = LINE('',#1477,#1478);
#1477 = CARTESIAN_POINT('',(-0.,0.));
#1478 = VECTOR('',#1479,1.);
#1479 = DIRECTION('',(-1.,0.));
#1480 = ( GEOMETRIC_REPRESENTATION_CONTEXT(2) 
PARAMETRIC_REPRESENTATION_CONTEXT() REPRESENTATION_CONTEXT('2D SPACE',''
  ) );
#1481 = PCURVE('',#1399,#1482);
#1482 = DEFINITIONAL_REPRESENTATION('',(#1483),#1487);
#1483 = CIRCLE('',#1484,11.8);
#1484 = AXIS2_PLACEMENT_2D('',#1485,#1486);
#1485 = CARTESIAN_POINT('',(4.207508100121E-16,-1.152322960418E-15));
#1486 = DIRECTION('',(1.,0.));
#1487 = ( GEOMETRIC_REPRESENTATION_CONTEXT(2) 
PARAMETRIC_REPRESENTATION_CONTEXT() REPRESENTATION_CONTEXT('2D SPACE',''
  ) );
#1488 = ADVANCED_FACE('',(#1489,#1492),#1399,.F.);
#1489 = FACE_BOUND('',#1490,.F.);
#1490 = EDGE_LOOP('',(#1491));
#1491 = ORIENTED_EDGE('',*,*,#1384,.T.);
#1492 = FACE_BOUND('',#1493,.F.);
#1493 = EDGE_LOOP('',(#1494));
#1494 = ORIENTED_EDGE('',*,*,#1467,.F.);
#1495 = ADVANCED_FACE('',(#1496,#1499),#1371,.T.);
#1496 = FACE_BOUND('',#1497,.T.);
#1497 = EDGE_LOOP('',(#1498));
#1498 = ORIENTED_EDGE('',*,*,#1356,.T.);
#1499 = FACE_BOUND('',#1500,.T.);
#1500 = EDGE_LOOP('',(#1501));
#1501 = ORIENTED_EDGE('',*,*,#1444,.F.);
#1502 = ( GEOMETRIC_REPRESENTATION_CONTEXT(3) 
GLOBAL_UNCERTAINTY_ASSIGNED_CONTEXT((#1506)) 
GLOBAL_UNIT_ASSIGNED_CONTEXT((#1503,#1504,#1505)) REPRESENTATION_CONTEXT
('Context #1','3D Context with UNIT and UNCERTAINTY') );
#1503 = ( LENGTH_UNIT() NAMED_UNIT(*) SI_UNIT(.MILLI.,.METRE.) );
#1504 = ( NAMED_UNIT(*) PLANE_ANGLE_UNIT() SI_UNIT($,.RADIAN.) );
#1505 = ( NAMED_UNIT(*) SI_UNIT($,.STERADIAN.) SOLID_ANGLE_UNIT() );
#1506 = UNCERTAINTY_MEASURE_WITH_UNIT(LENGTH_MEASURE(1.E-07),#1503,
  'distance_accuracy_value','confusion accuracy');
#1507 = CONTEXT_DEPENDENT_SHAPE_REPRESENTATION(#1508,#1510);
#1508 = ( REPRESENTATION_RELATIONSHIP('','',#1319,#1296) 
REPRESENTATION_RELATIONSHIP_WITH_TRANSFORMATION(#1509) 
SHAPE_REPRESENTATION_RELATIONSHIP() );
#1509 = ITEM_DEFINED_TRANSFORMATION('','',#11,#1297);
#1510 = PRODUCT_DEFINITION_SHAPE('Placement','Placement of an item',
  #1511);
#1511 = NEXT_ASSEMBLY_USAGE_OCCURRENCE('377','=>[0:1:1:5]','',#1291,
  #1314,$);
#1512 = PRODUCT_RELATED_PRODUCT_CATEGORY('part',$,(#1316));
#1513 = SHAPE_DEFINITION_REPRESENTATION(#1514,#1520);
#1514 = PRODUCT_DEFINITION_SHAPE('','',#1515);
#1515 = PRODUCT_DEFINITION('design','',#1516,#1519);
#1516 = PRODUCT_DEFINITION_FORMATION('','',#1517);
#1517 = PRODUCT('right_tube','right_tube','',(#1518));
#1518 = PRODUCT_CONTEXT('',#2,'mechanical');
#1519 = PRODUCT_DEFINITION_CONTEXT('part definition',#2,'design');
#1520 = SHAPE_REPRESENTATION('',(#11,#1521),#1525);
#1521 = AXIS2_PLACEMENT_3D('',#1522,#1523,#1524);
#1522 = CARTESIAN_POINT('',(0.,0.,0.));
#1523 = DIRECTION('',(0.,0.,1.));
#1524 = DIRECTION('',(1.,0.,-0.));
#1525 = ( GEOMETRIC_REPRESENTATION_CONTEXT(3) 
GLOBAL_UNCERTAINTY_ASSIGNED_CONTEXT((#1529)) 
GLOBAL_UNIT_ASSIGNED_CONTEXT((#1526,#1527,#1528)) REPRESENTATION_CONTEXT
('Context #1','3D Context with UNIT and UNCERTAINTY') );
#1526 = ( LENGTH_UNIT() NAMED_UNIT(*) SI_UNIT(.MILLI.,.METRE.) );
#1527 = ( NAMED_UNIT(*) PLANE_ANGLE_UNIT() SI_UNIT($,.RADIAN.) );
#1528 = ( NAMED_UNIT(*) SI_UNIT($,.STERADIAN.) SOLID_ANGLE_UNIT() );
#1529 = UNCERTAINTY_MEASURE_WITH_UNIT(LENGTH_MEASURE(1.E-07),#1526,
  'distance_accuracy_value','confusion accuracy');
#1530 = CONTEXT_DEPENDENT_SHAPE_REPRESENTATION(#1531,#1533);
#1531 = ( REPRESENTATION_RELATIONSHIP('','',#1520,#10) 
REPRESENTATION_RELATIONSHIP_WITH_TRANSFORMATION(#1532) 
SHAPE_REPRESENTATION_RELATIONSHIP() );
#1532 = ITEM_DEFINED_TRANSFORMATION('','',#11,#23);
#1533 = PRODUCT_DEFINITION_SHAPE('Placement','Placement of an item',
  #1534);
#1534 = NEXT_ASSEMBLY_USAGE_OCCURRENCE('380','=>[0:1:1:6]','',#5,#1515,$
  );
#1535 = PRODUCT_RELATED_PRODUCT_CATEGORY('part',$,(#1517));
#1536 = SHAPE_DEFINITION_REPRESENTATION(#1537,#1543);
#1537 = PRODUCT_DEFINITION_SHAPE('','',#1538);
#1538 = PRODUCT_DEFINITION('design','',#1539,#1542);
#1539 = PRODUCT_DEFINITION_FORMATION('','',#1540);
#1540 = PRODUCT('SOLID','SOLID','',(#1541));
#1541 = PRODUCT_CONTEXT('',#2,'mechanical');
#1542 = PRODUCT_DEFINITION_CONTEXT('part definition',#2,'design');
#1543 = ADVANCED_BREP_SHAPE_REPRESENTATION('',(#11,#1544),#1726);
#1544 = MANIFOLD_SOLID_BREP('',#1545);
#1545 = CLOSED_SHELL('',(#1546,#1634,#1712,#1719));
#1546 = ADVANCED_FACE('',(#1547),#1561,.T.);
#1547 = FACE_BOUND('',#1548,.F.);
#1548 = EDGE_LOOP('',(#1549,#1579,#1606,#1607));
#1549 = ORIENTED_EDGE('',*,*,#1550,.T.);
#1550 = EDGE_CURVE('',#1551,#1553,#1555,.T.);
#1551 = VERTEX_POINT('',#1552);
#1552 = CARTESIAN_POINT('',(-75.,13.,0.));
#1553 = VERTEX_POINT('',#1554);
#1554 = CARTESIAN_POINT('',(75.,13.,0.));
#1555 = SEAM_CURVE('',#1556,(#1560,#1572),.PCURVE_S1.);
#1556 = LINE('',#1557,#1558);
#1557 = CARTESIAN_POINT('',(-75.,13.,0.));
#1558 = VECTOR('',#1559,1.);
#1559 = DIRECTION('',(1.,0.,0.));
#1560 = PCURVE('',#1561,#1566);
#1561 = CYLINDRICAL_SURFACE('',#1562,13.);
#1562 = AXIS2_PLACEMENT_3D('',#1563,#1564,#1565);
#1563 = CARTESIAN_POINT('',(-75.,0.,0.));
#1564 = DIRECTION('',(-1.,-0.,-0.));
#1565 = DIRECTION('',(0.,1.,0.));
#1566 = DEFINITIONAL_REPRESENTATION('',(#1567),#1571);
#1567 = LINE('',#1568,#1569);
#1568 = CARTESIAN_POINT('',(-0.,0.));
#1569 = VECTOR('',#1570,1.);
#1570 = DIRECTION('',(-0.,-1.));
#1571 = ( GEOMETRIC_REPRESENTATION_CONTEXT(2) 
PARAMETRIC_REPRESENTATION_CONTEXT() REPRESENTATION_CONTEXT('2D SPACE',''
  ) );
#1572 = PCURVE('',#1561,#1573);
#1573 = DEFINITIONAL_REPRESENTATION('',(#1574),#1578);
#1574 = LINE('',#1575,#1576);
#1575 = CARTESIAN_POINT('',(-6.28318530718,0.));
#1576 = VECTOR('',#1577,1.);
#1577 = DIRECTION('',(-0.,-1.));
#1578 = ( GEOMETRIC_REPRESENTATION_CONTEXT(2) 
PARAMETRIC_REPRESENTATION_CONTEXT() REPRESENTATION_CONTEXT('2D SPACE',''
  ) );
#1579 = ORIENTED_EDGE('',*,*,#1580,.T.);
#1580 = EDGE_CURVE('',#1553,#1553,#1581,.T.);
#1581 = SURFACE_CURVE('',#1582,(#1587,#1594),.PCURVE_S1.);
#1582 = CIRCLE('',#1583,13.);
#1583 = AXIS2_PLACEMENT_3D('',#1584,#1585,#1586);
#1584 = CARTESIAN_POINT('',(75.,0.,0.));
#1585 = DIRECTION('',(1.,0.,0.));
#1586 = DIRECTION('',(0.,1.,0.));
#1587 = PCURVE('',#1561,#1588);
#1588 = DEFINITIONAL_REPRESENTATION('',(#1589),#1593);
#1589 = LINE('',#1590,#1591);
#1590 = CARTESIAN_POINT('',(-0.,-150.));
#1591 = VECTOR('',#1592,1.);
#1592 = DIRECTION('',(-1.,0.));
#1593 = ( GEOMETRIC_REPRESENTATION_CONTEXT(2) 
PARAMETRIC_REPRESENTATION_CONTEXT() REPRESENTATION_CONTEXT('2D SPACE',''
  ) );
#1594 = PCURVE('',#1595,#1600);
#1595 = PLANE('',#1596);
#1596 = AXIS2_PLACEMENT_3D('',#1597,#1598,#1599);
#1597 = CARTESIAN_POINT('',(75.,-4.207508100121E-16,1.152322960418E-15)
  );
#1598 = DIRECTION('',(1.,0.,0.));
#1599 = DIRECTION('',(0.,1.,0.));
#1600 = DEFINITIONAL_REPRESENTATION('',(#1601),#1605);
#1601 = CIRCLE('',#1602,13.);
#1602 = AXIS2_PLACEMENT_2D('',#1603,#1604);
#1603 = CARTESIAN_POINT('',(4.207508100121E-16,-1.152322960418E-15));
#1604 = DIRECTION('',(1.,0.));
#1605 = ( GEOMETRIC_REPRESENTATION_CONTEXT(2) 
PARAMETRIC_REPRESENTATION_CONTEXT() REPRESENTATION_CONTEXT('2D SPACE',''
  ) );
#1606 = ORIENTED_EDGE('',*,*,#1550,.F.);
#1607 = ORIENTED_EDGE('',*,*,#1608,.F.);
#1608 = EDGE_CURVE('',#1551,#1551,#1609,.T.);
#1609 = SURFACE_CURVE('',#1610,(#1615,#1622),.PCURVE_S1.);
#1610 = CIRCLE('',#1611,13.);
#1611 = AXIS2_PLACEMENT_3D('',#1612,#1613,#1614);
#1612 = CARTESIAN_POINT('',(-75.,0.,0.));
#1613 = DIRECTION('',(1.,0.,0.));
#1614 = DIRECTION('',(0.,1.,0.));
#1615 = PCURVE('',#1561,#1616);
#1616 = DEFINITIONAL_REPRESENTATION('',(#1617),#1621);
#1617 = LINE('',#1618,#1619);
#1618 = CARTESIAN_POINT('',(-0.,0.));
#1619 = VECTOR('',#1620,1.);
#1620 = DIRECTION('',(-1.,0.));
#1621 = ( GEOMETRIC_REPRESENTATION_CONTEXT(2) 
PARAMETRIC_REPRESENTATION_CONTEXT() REPRESENTATION_CONTEXT('2D SPACE',''
  ) );
#1622 = PCURVE('',#1623,#1628);
#1623 = PLANE('',#1624);
#1624 = AXIS2_PLACEMENT_3D('',#1625,#1626,#1627);
#1625 = CARTESIAN_POINT('',(-75.,-4.207508100121E-16,1.152322960418E-15)
  );
#1626 = DIRECTION('',(1.,0.,0.));
#1627 = DIRECTION('',(0.,1.,0.));
#1628 = DEFINITIONAL_REPRESENTATION('',(#1629),#1633);
#1629 = CIRCLE('',#1630,13.);
#1630 = AXIS2_PLACEMENT_2D('',#1631,#1632);
#1631 = CARTESIAN_POINT('',(4.207508100121E-16,-1.152322960418E-15));
#1632 = DIRECTION('',(1.,0.));
#1633 = ( GEOMETRIC_REPRESENTATION_CONTEXT(2) 
PARAMETRIC_REPRESENTATION_CONTEXT() REPRESENTATION_CONTEXT('2D SPACE',''
  ) );
#1634 = ADVANCED_FACE('',(#1635),#1649,.F.);
#1635 = FACE_BOUND('',#1636,.T.);
#1636 = EDGE_LOOP('',(#1637,#1667,#1689,#1690));
#1637 = ORIENTED_EDGE('',*,*,#1638,.T.);
#1638 = EDGE_CURVE('',#1639,#1641,#1643,.T.);
#1639 = VERTEX_POINT('',#1640);
#1640 = CARTESIAN_POINT('',(-75.,11.8,0.));
#1641 = VERTEX_POINT('',#1642);
#1642 = CARTESIAN_POINT('',(75.,11.8,0.));
#1643 = SEAM_CURVE('',#1644,(#1648,#1660),.PCURVE_S1.);
#1644 = LINE('',#1645,#1646);
#1645 = CARTESIAN_POINT('',(-75.,11.8,0.));
#1646 = VECTOR('',#1647,1.);
#1647 = DIRECTION('',(1.,0.,0.));
#1648 = PCURVE('',#1649,#1654);
#1649 = CYLINDRICAL_SURFACE('',#1650,11.8);
#1650 = AXIS2_PLACEMENT_3D('',#1651,#1652,#1653);
#1651 = CARTESIAN_POINT('',(-75.,0.,0.));
#1652 = DIRECTION('',(-1.,-0.,-0.));
#1653 = DIRECTION('',(0.,1.,0.));
#1654 = DEFINITIONAL_REPRESENTATION('',(#1655),#1659);
#1655 = LINE('',#1656,#1657);
#1656 = CARTESIAN_POINT('',(-0.,0.));
#1657 = VECTOR('',#1658,1.);
#1658 = DIRECTION('',(-0.,-1.));
#1659 = ( GEOMETRIC_REPRESENTATION_CONTEXT(2) 
PARAMETRIC_REPRESENTATION_CONTEXT() REPRESENTATION_CONTEXT('2D SPACE',''
  ) );
#1660 = PCURVE('',#1649,#1661);
#1661 = DEFINITIONAL_REPRESENTATION('',(#1662),#1666);
#1662 = LINE('',#1663,#1664);
#1663 = CARTESIAN_POINT('',(-6.28318530718,0.));
#1664 = VECTOR('',#1665,1.);
#1665 = DIRECTION('',(-0.,-1.));
#1666 = ( GEOMETRIC_REPRESENTATION_CONTEXT(2) 
PARAMETRIC_REPRESENTATION_CONTEXT() REPRESENTATION_CONTEXT('2D SPACE',''
  ) );
#1667 = ORIENTED_EDGE('',*,*,#1668,.T.);
#1668 = EDGE_CURVE('',#1641,#1641,#1669,.T.);
#1669 = SURFACE_CURVE('',#1670,(#1675,#1682),.PCURVE_S1.);
#1670 = CIRCLE('',#1671,11.8);
#1671 = AXIS2_PLACEMENT_3D('',#1672,#1673,#1674);
#1672 = CARTESIAN_POINT('',(75.,0.,0.));
#1673 = DIRECTION('',(1.,0.,0.));
#1674 = DIRECTION('',(0.,1.,0.));
#1675 = PCURVE('',#1649,#1676);
#1676 = DEFINITIONAL_REPRESENTATION('',(#1677),#1681);
#1677 = LINE('',#1678,#1679);
#1678 = CARTESIAN_POINT('',(-0.,-150.));
#1679 = VECTOR('',#1680,1.);
#1680 = DIRECTION('',(-1.,0.));
#1681 = ( GEOMETRIC_REPRESENTATION_CONTEXT(2) 
PARAMETRIC_REPRESENTATION_CONTEXT() REPRESENTATION_CONTEXT('2D SPACE',''
  ) );
#1682 = PCURVE('',#1595,#1683);
#1683 = DEFINITIONAL_REPRESENTATION('',(#1684),#1688);
#1684 = CIRCLE('',#1685,11.8);
#1685 = AXIS2_PLACEMENT_2D('',#1686,#1687);
#1686 = CARTESIAN_POINT('',(4.207508100121E-16,-1.152322960418E-15));
#1687 = DIRECTION('',(1.,0.));
#1688 = ( GEOMETRIC_REPRESENTATION_CONTEXT(2) 
PARAMETRIC_REPRESENTATION_CONTEXT() REPRESENTATION_CONTEXT('2D SPACE',''
  ) );
#1689 = ORIENTED_EDGE('',*,*,#1638,.F.);
#1690 = ORIENTED_EDGE('',*,*,#1691,.F.);
#1691 = EDGE_CURVE('',#1639,#1639,#1692,.T.);
#1692 = SURFACE_CURVE('',#1693,(#1698,#1705),.PCURVE_S1.);
#1693 = CIRCLE('',#1694,11.8);
#1694 = AXIS2_PLACEMENT_3D('',#1695,#1696,#1697);
#1695 = CARTESIAN_POINT('',(-75.,0.,0.));
#1696 = DIRECTION('',(1.,0.,0.));
#1697 = DIRECTION('',(0.,1.,0.));
#1698 = PCURVE('',#1649,#1699);
#1699 = DEFINITIONAL_REPRESENTATION('',(#1700),#1704);
#1700 = LINE('',#1701,#1702);
#1701 = CARTESIAN_POINT('',(-0.,0.));
#1702 = VECTOR('',#1703,1.);
#1703 = DIRECTION('',(-1.,0.));
#1704 = ( GEOMETRIC_REPRESENTATION_CONTEXT(2) 
PARAMETRIC_REPRESENTATION_CONTEXT() REPRESENTATION_CONTEXT('2D SPACE',''
  ) );
#1705 = PCURVE('',#1623,#1706);
#1706 = DEFINITIONAL_REPRESENTATION('',(#1707),#1711);
#1707 = CIRCLE('',#1708,11.8);
#1708 = AXIS2_PLACEMENT_2D('',#1709,#1710);
#1709 = CARTESIAN_POINT('',(4.207508100121E-16,-1.152322960418E-15));
#1710 = DIRECTION('',(1.,0.));
#1711 = ( GEOMETRIC_REPRESENTATION_CONTEXT(2) 
PARAMETRIC_REPRESENTATION_CONTEXT() REPRESENTATION_CONTEXT('2D SPACE',''
  ) );
#1712 = ADVANCED_FACE('',(#1713,#1716),#1623,.F.);
#1713 = FACE_BOUND('',#1714,.F.);
#1714 = EDGE_LOOP('',(#1715));
#1715 = ORIENTED_EDGE('',*,*,#1608,.T.);
#1716 = FACE_BOUND('',#1717,.F.);
#1717 = EDGE_LOOP('',(#1718));
#1718 = ORIENTED_EDGE('',*,*,#1691,.F.);
#1719 = ADVANCED_FACE('',(#1720,#1723),#1595,.T.);
#1720 = FACE_BOUND('',#1721,.T.);
#1721 = EDGE_LOOP('',(#1722));
#1722 = ORIENTED_EDGE('',*,*,#1580,.T.);
#1723 = FACE_BOUND('',#1724,.T.);
#1724 = EDGE_LOOP('',(#1725));
#1725 = ORIENTED_EDGE('',*,*,#1668,.F.);
#1726 = ( GEOMETRIC_REPRESENTATION_CONTEXT(3) 
GLOBAL_UNCERTAINTY_ASSIGNED_CONTEXT((#1730)) 
GLOBAL_UNIT_ASSIGNED_CONTEXT((#1727,#1728,#1729)) REPRESENTATION_CONTEXT
('Context #1','3D Context with UNIT and UNCERTAINTY') );
#1727 = ( LENGTH_UNIT() NAMED_UNIT(*) SI_UNIT(.MILLI.,.METRE.) );
#1728 = ( NAMED_UNIT(*) PLANE_ANGLE_UNIT() SI_UNIT($,.RADIAN.) );
#1729 = ( NAMED_UNIT(*) SI_UNIT($,.STERADIAN.) SOLID_ANGLE_UNIT() );
#1730 = UNCERTAINTY_MEASURE_WITH_UNIT(LENGTH_MEASURE(1.E-07),#1727,
  'distance_accuracy_value','confusion accuracy');
#1731 = CONTEXT_DEPENDENT_SHAPE_REPRESENTATION(#1732,#1734);
#1732 = ( REPRESENTATION_RELATIONSHIP('','',#1543,#1520) 
REPRESENTATION_RELATIONSHIP_WITH_TRANSFORMATION(#1733) 
SHAPE_REPRESENTATION_RELATIONSHIP() );
#1733 = ITEM_DEFINED_TRANSFORMATION('','',#11,#1521);
#1734 = PRODUCT_DEFINITION_SHAPE('Placement','Placement of an item',
  #1735);
#1735 = NEXT_ASSEMBLY_USAGE_OCCURRENCE('379','=>[0:1:1:7]','',#1515,
  #1538,$);
#1736 = PRODUCT_RELATED_PRODUCT_CATEGORY('part',$,(#1540));
#1737 = SHAPE_DEFINITION_REPRESENTATION(#1738,#1744);
#1738 = PRODUCT_DEFINITION_SHAPE('','',#1739);
#1739 = PRODUCT_DEFINITION('design','',#1740,#1743);
#1740 = PRODUCT_DEFINITION_FORMATION('','',#1741);
#1741 = PRODUCT('left_end_cap','left_end_cap','',(#1742));
#1742 = PRODUCT_CONTEXT('',#2,'mechanical');
#1743 = PRODUCT_DEFINITION_CONTEXT('part definition',#2,'design');
#1744 = SHAPE_REPRESENTATION('',(#11,#1745),#1749);
#1745 = AXIS2_PLACEMENT_3D('',#1746,#1747,#1748);
#1746 = CARTESIAN_POINT('',(0.,0.,0.));
#1747 = DIRECTION('',(0.,0.,1.));
#1748 = DIRECTION('',(1.,0.,-0.));
#1749 = ( GEOMETRIC_REPRESENTATION_CONTEXT(3) 
GLOBAL_UNCERTAINTY_ASSIGNED_CONTEXT((#1753)) 
GLOBAL_UNIT_ASSIGNED_CONTEXT((#1750,#1751,#1752)) REPRESENTATION_CONTEXT
('Context #1','3D Context with UNIT and UNCERTAINTY') );
#1750 = ( LENGTH_UNIT() NAMED_UNIT(*) SI_UNIT(.MILLI.,.METRE.) );
#1751 = ( NAMED_UNIT(*) PLANE_ANGLE_UNIT() SI_UNIT($,.RADIAN.) );
#1752 = ( NAMED_UNIT(*) SI_UNIT($,.STERADIAN.) SOLID_ANGLE_UNIT() );
#1753 = UNCERTAINTY_MEASURE_WITH_UNIT(LENGTH_MEASURE(1.E-07),#1750,
  'distance_accuracy_value','confusion accuracy');
#1754 = CONTEXT_DEPENDENT_SHAPE_REPRESENTATION(#1755,#1757);
#1755 = ( REPRESENTATION_RELATIONSHIP('','',#1744,#10) 
REPRESENTATION_RELATIONSHIP_WITH_TRANSFORMATION(#1756) 
SHAPE_REPRESENTATION_RELATIONSHIP() );
#1756 = ITEM_DEFINED_TRANSFORMATION('','',#11,#27);
#1757 = PRODUCT_DEFINITION_SHAPE('Placement','Placement of an item',
  #1758);
#1758 = NEXT_ASSEMBLY_USAGE_OCCURRENCE('382','=>[0:1:1:8]','',#5,#1739,$
  );
#1759 = PRODUCT_RELATED_PRODUCT_CATEGORY('part',$,(#1741));
#1760 = SHAPE_DEFINITION_REPRESENTATION(#1761,#1767);
#1761 = PRODUCT_DEFINITION_SHAPE('','',#1762);
#1762 = PRODUCT_DEFINITION('design','',#1763,#1766);
#1763 = PRODUCT_DEFINITION_FORMATION('','',#1764);
#1764 = PRODUCT('SOLID','SOLID','',(#1765));
#1765 = PRODUCT_CONTEXT('',#2,'mechanical');
#1766 = PRODUCT_DEFINITION_CONTEXT('part definition',#2,'design');
#1767 = ADVANCED_BREP_SHAPE_REPRESENTATION('',(#11,#1768),#1956);
#1768 = MANIFOLD_SOLID_BREP('',#1769);
#1769 = CLOSED_SHELL('',(#1770,#1858,#1893,#1897,#1952));
#1770 = ADVANCED_FACE('',(#1771),#1785,.T.);
#1771 = FACE_BOUND('',#1772,.F.);
#1772 = EDGE_LOOP('',(#1773,#1803,#1830,#1831));
#1773 = ORIENTED_EDGE('',*,*,#1774,.T.);
#1774 = EDGE_CURVE('',#1775,#1777,#1779,.T.);
#1775 = VERTEX_POINT('',#1776);
#1776 = CARTESIAN_POINT('',(-5.,13.,0.));
#1777 = VERTEX_POINT('',#1778);
#1778 = CARTESIAN_POINT('',(5.,13.,0.));
#1779 = SEAM_CURVE('',#1780,(#1784,#1796),.PCURVE_S1.);
#1780 = LINE('',#1781,#1782);
#1781 = CARTESIAN_POINT('',(-5.,13.,0.));
#1782 = VECTOR('',#1783,1.);
#1783 = DIRECTION('',(1.,0.,0.));
#1784 = PCURVE('',#1785,#1790);
#1785 = CYLINDRICAL_SURFACE('',#1786,13.);
#1786 = AXIS2_PLACEMENT_3D('',#1787,#1788,#1789);
#1787 = CARTESIAN_POINT('',(-5.,0.,0.));
#1788 = DIRECTION('',(-1.,-0.,-0.));
#1789 = DIRECTION('',(0.,1.,0.));
#1790 = DEFINITIONAL_REPRESENTATION('',(#1791),#1795);
#1791 = LINE('',#1792,#1793);
#1792 = CARTESIAN_POINT('',(-0.,0.));
#1793 = VECTOR('',#1794,1.);
#1794 = DIRECTION('',(-0.,-1.));
#1795 = ( GEOMETRIC_REPRESENTATION_CONTEXT(2) 
PARAMETRIC_REPRESENTATION_CONTEXT() REPRESENTATION_CONTEXT('2D SPACE',''
  ) );
#1796 = PCURVE('',#1785,#1797);
#1797 = DEFINITIONAL_REPRESENTATION('',(#1798),#1802);
#1798 = LINE('',#1799,#1800);
#1799 = CARTESIAN_POINT('',(-6.28318530718,0.));
#1800 = VECTOR('',#1801,1.);
#1801 = DIRECTION('',(-0.,-1.));
#1802 = ( GEOMETRIC_REPRESENTATION_CONTEXT(2) 
PARAMETRIC_REPRESENTATION_CONTEXT() REPRESENTATION_CONTEXT('2D SPACE',''
  ) );
#1803 = ORIENTED_EDGE('',*,*,#1804,.T.);
#1804 = EDGE_CURVE('',#1777,#1777,#1805,.T.);
#1805 = SURFACE_CURVE('',#1806,(#1811,#1818),.PCURVE_S1.);
#1806 = CIRCLE('',#1807,13.);
#1807 = AXIS2_PLACEMENT_3D('',#1808,#1809,#1810);
#1808 = CARTESIAN_POINT('',(5.,0.,0.));
#1809 = DIRECTION('',(1.,0.,0.));
#1810 = DIRECTION('',(0.,1.,0.));
#1811 = PCURVE('',#1785,#1812);
#1812 = DEFINITIONAL_REPRESENTATION('',(#1813),#1817);
#1813 = LINE('',#1814,#1815);
#1814 = CARTESIAN_POINT('',(-0.,-10.));
#1815 = VECTOR('',#1816,1.);
#1816 = DIRECTION('',(-1.,0.));
#1817 = ( GEOMETRIC_REPRESENTATION_CONTEXT(2) 
PARAMETRIC_REPRESENTATION_CONTEXT() REPRESENTATION_CONTEXT('2D SPACE',''
  ) );
#1818 = PCURVE('',#1819,#1824);
#1819 = PLANE('',#1820);
#1820 = AXIS2_PLACEMENT_3D('',#1821,#1822,#1823);
#1821 = CARTESIAN_POINT('',(5.,-4.207508100121E-16,1.152322960418E-15));
#1822 = DIRECTION('',(1.,0.,0.));
#1823 = DIRECTION('',(0.,1.,0.));
#1824 = DEFINITIONAL_REPRESENTATION('',(#1825),#1829);
#1825 = CIRCLE('',#1826,13.);
#1826 = AXIS2_PLACEMENT_2D('',#1827,#1828);
#1827 = CARTESIAN_POINT('',(4.207508100121E-16,-1.152322960418E-15));
#1828 = DIRECTION('',(1.,0.));
#1829 = ( GEOMETRIC_REPRESENTATION_CONTEXT(2) 
PARAMETRIC_REPRESENTATION_CONTEXT() REPRESENTATION_CONTEXT('2D SPACE',''
  ) );
#1830 = ORIENTED_EDGE('',*,*,#1774,.F.);
#1831 = ORIENTED_EDGE('',*,*,#1832,.F.);
#1832 = EDGE_CURVE('',#1775,#1775,#1833,.T.);
#1833 = SURFACE_CURVE('',#1834,(#1839,#1846),.PCURVE_S1.);
#1834 = CIRCLE('',#1835,13.);
#1835 = AXIS2_PLACEMENT_3D('',#1836,#1837,#1838);
#1836 = CARTESIAN_POINT('',(-5.,0.,0.));
#1837 = DIRECTION('',(1.,0.,0.));
#1838 = DIRECTION('',(0.,1.,0.));
#1839 = PCURVE('',#1785,#1840);
#1840 = DEFINITIONAL_REPRESENTATION('',(#1841),#1845);
#1841 = LINE('',#1842,#1843);
#1842 = CARTESIAN_POINT('',(-0.,0.));
#1843 = VECTOR('',#1844,1.);
#1844 = DIRECTION('',(-1.,0.));
#1845 = ( GEOMETRIC_REPRESENTATION_CONTEXT(2) 
PARAMETRIC_REPRESENTATION_CONTEXT() REPRESENTATION_CONTEXT('2D SPACE',''
  ) );
#1846 = PCURVE('',#1847,#1852);
#1847 = PLANE('',#1848);
#1848 = AXIS2_PLACEMENT_3D('',#1849,#1850,#1851);
#1849 = CARTESIAN_POINT('',(-5.,-4.207508100121E-16,1.152322960418E-15)
  );
#1850 = DIRECTION('',(1.,0.,0.));
#1851 = DIRECTION('',(0.,1.,0.));
#1852 = DEFINITIONAL_REPRESENTATION('',(#1853),#1857);
#1853 = CIRCLE('',#1854,13.);
#1854 = AXIS2_PLACEMENT_2D('',#1855,#1856);
#1855 = CARTESIAN_POINT('',(4.207508100121E-16,-1.152322960418E-15));
#1856 = DIRECTION('',(1.,0.));
#1857 = ( GEOMETRIC_REPRESENTATION_CONTEXT(2) 
PARAMETRIC_REPRESENTATION_CONTEXT() REPRESENTATION_CONTEXT('2D SPACE',''
  ) );
#1858 = ADVANCED_FACE('',(#1859,#1862),#1847,.F.);
#1859 = FACE_BOUND('',#1860,.F.);
#1860 = EDGE_LOOP('',(#1861));
#1861 = ORIENTED_EDGE('',*,*,#1832,.T.);
#1862 = FACE_BOUND('',#1863,.F.);
#1863 = EDGE_LOOP('',(#1864));
#1864 = ORIENTED_EDGE('',*,*,#1865,.F.);
#1865 = EDGE_CURVE('',#1866,#1866,#1868,.T.);
#1866 = VERTEX_POINT('',#1867);
#1867 = CARTESIAN_POINT('',(-5.,12.8,0.));
#1868 = SURFACE_CURVE('',#1869,(#1874,#1881),.PCURVE_S1.);
#1869 = CIRCLE('',#1870,12.8);
#1870 = AXIS2_PLACEMENT_3D('',#1871,#1872,#1873);
#1871 = CARTESIAN_POINT('',(-5.,0.,0.));
#1872 = DIRECTION('',(1.,0.,0.));
#1873 = DIRECTION('',(0.,1.,0.));
#1874 = PCURVE('',#1847,#1875);
#1875 = DEFINITIONAL_REPRESENTATION('',(#1876),#1880);
#1876 = CIRCLE('',#1877,12.8);
#1877 = AXIS2_PLACEMENT_2D('',#1878,#1879);
#1878 = CARTESIAN_POINT('',(4.207508100121E-16,-1.152322960418E-15));
#1879 = DIRECTION('',(1.,0.));
#1880 = ( GEOMETRIC_REPRESENTATION_CONTEXT(2) 
PARAMETRIC_REPRESENTATION_CONTEXT() REPRESENTATION_CONTEXT('2D SPACE',''
  ) );
#1881 = PCURVE('',#1882,#1887);
#1882 = CYLINDRICAL_SURFACE('',#1883,12.8);
#1883 = AXIS2_PLACEMENT_3D('',#1884,#1885,#1886);
#1884 = CARTESIAN_POINT('',(-12.,0.,0.));
#1885 = DIRECTION('',(-1.,-0.,-0.));
#1886 = DIRECTION('',(0.,1.,0.));
#1887 = DEFINITIONAL_REPRESENTATION('',(#1888),#1892);
#1888 = LINE('',#1889,#1890);
#1889 = CARTESIAN_POINT('',(-0.,-7.));
#1890 = VECTOR('',#1891,1.);
#1891 = DIRECTION('',(-1.,0.));
#1892 = ( GEOMETRIC_REPRESENTATION_CONTEXT(2) 
PARAMETRIC_REPRESENTATION_CONTEXT() REPRESENTATION_CONTEXT('2D SPACE',''
  ) );
#1893 = ADVANCED_FACE('',(#1894),#1819,.T.);
#1894 = FACE_BOUND('',#1895,.T.);
#1895 = EDGE_LOOP('',(#1896));
#1896 = ORIENTED_EDGE('',*,*,#1804,.T.);
#1897 = ADVANCED_FACE('',(#1898),#1882,.T.);
#1898 = FACE_BOUND('',#1899,.F.);
#1899 = EDGE_LOOP('',(#1900,#1923,#1924,#1925));
#1900 = ORIENTED_EDGE('',*,*,#1901,.T.);
#1901 = EDGE_CURVE('',#1902,#1866,#1904,.T.);
#1902 = VERTEX_POINT('',#1903);
#1903 = CARTESIAN_POINT('',(-12.,12.8,0.));
#1904 = SEAM_CURVE('',#1905,(#1909,#1916),.PCURVE_S1.);
#1905 = LINE('',#1906,#1907);
#1906 = CARTESIAN_POINT('',(-12.,12.8,0.));
#1907 = VECTOR('',#1908,1.);
#1908 = DIRECTION('',(1.,0.,0.));
#1909 = PCURVE('',#1882,#1910);
#1910 = DEFINITIONAL_REPRESENTATION('',(#1911),#1915);
#1911 = LINE('',#1912,#1913);
#1912 = CARTESIAN_POINT('',(-0.,0.));
#1913 = VECTOR('',#1914,1.);
#1914 = DIRECTION('',(-0.,-1.));
#1915 = ( GEOMETRIC_REPRESENTATION_CONTEXT(2) 
PARAMETRIC_REPRESENTATION_CONTEXT() REPRESENTATION_CONTEXT('2D SPACE',''
  ) );
#1916 = PCURVE('',#1882,#1917);
#1917 = DEFINITIONAL_REPRESENTATION('',(#1918),#1922);
#1918 = LINE('',#1919,#1920);
#1919 = CARTESIAN_POINT('',(-6.28318530718,0.));
#1920 = VECTOR('',#1921,1.);
#1921 = DIRECTION('',(-0.,-1.));
#1922 = ( GEOMETRIC_REPRESENTATION_CONTEXT(2) 
PARAMETRIC_REPRESENTATION_CONTEXT() REPRESENTATION_CONTEXT('2D SPACE',''
  ) );
#1923 = ORIENTED_EDGE('',*,*,#1865,.T.);
#1924 = ORIENTED_EDGE('',*,*,#1901,.F.);
#1925 = ORIENTED_EDGE('',*,*,#1926,.F.);
#1926 = EDGE_CURVE('',#1902,#1902,#1927,.T.);
#1927 = SURFACE_CURVE('',#1928,(#1933,#1940),.PCURVE_S1.);
#1928 = CIRCLE('',#1929,12.8);
#1929 = AXIS2_PLACEMENT_3D('',#1930,#1931,#1932);
#1930 = CARTESIAN_POINT('',(-12.,0.,0.));
#1931 = DIRECTION('',(1.,0.,0.));
#1932 = DIRECTION('',(0.,1.,0.));
#1933 = PCURVE('',#1882,#1934);
#1934 = DEFINITIONAL_REPRESENTATION('',(#1935),#1939);
#1935 = LINE('',#1936,#1937);
#1936 = CARTESIAN_POINT('',(-0.,0.));
#1937 = VECTOR('',#1938,1.);
#1938 = DIRECTION('',(-1.,0.));
#1939 = ( GEOMETRIC_REPRESENTATION_CONTEXT(2) 
PARAMETRIC_REPRESENTATION_CONTEXT() REPRESENTATION_CONTEXT('2D SPACE',''
  ) );
#1940 = PCURVE('',#1941,#1946);
#1941 = PLANE('',#1942);
#1942 = AXIS2_PLACEMENT_3D('',#1943,#1944,#1945);
#1943 = CARTESIAN_POINT('',(-12.,-4.273250414186E-16,1.186784198038E-15)
  );
#1944 = DIRECTION('',(1.,0.,0.));
#1945 = DIRECTION('',(0.,1.,0.));
#1946 = DEFINITIONAL_REPRESENTATION('',(#1947),#1951);
#1947 = CIRCLE('',#1948,12.8);
#1948 = AXIS2_PLACEMENT_2D('',#1949,#1950);
#1949 = CARTESIAN_POINT('',(4.273250414186E-16,-1.186784198038E-15));
#1950 = DIRECTION('',(1.,0.));
#1951 = ( GEOMETRIC_REPRESENTATION_CONTEXT(2) 
PARAMETRIC_REPRESENTATION_CONTEXT() REPRESENTATION_CONTEXT('2D SPACE',''
  ) );
#1952 = ADVANCED_FACE('',(#1953),#1941,.F.);
#1953 = FACE_BOUND('',#1954,.F.);
#1954 = EDGE_LOOP('',(#1955));
#1955 = ORIENTED_EDGE('',*,*,#1926,.T.);
#1956 = ( GEOMETRIC_REPRESENTATION_CONTEXT(3) 
GLOBAL_UNCERTAINTY_ASSIGNED_CONTEXT((#1960)) 
GLOBAL_UNIT_ASSIGNED_CONTEXT((#1957,#1958,#1959)) REPRESENTATION_CONTEXT
('Context #1','3D Context with UNIT and UNCERTAINTY') );
#1957 = ( LENGTH_UNIT() NAMED_UNIT(*) SI_UNIT(.MILLI.,.METRE.) );
#1958 = ( NAMED_UNIT(*) PLANE_ANGLE_UNIT() SI_UNIT($,.RADIAN.) );
#1959 = ( NAMED_UNIT(*) SI_UNIT($,.STERADIAN.) SOLID_ANGLE_UNIT() );
#1960 = UNCERTAINTY_MEASURE_WITH_UNIT(LENGTH_MEASURE(1.E-07),#1957,
  'distance_accuracy_value','confusion accuracy');
#1961 = CONTEXT_DEPENDENT_SHAPE_REPRESENTATION(#1962,#1964);
#1962 = ( REPRESENTATION_RELATIONSHIP('','',#1767,#1744) 
REPRESENTATION_RELATIONSHIP_WITH_TRANSFORMATION(#1963) 
SHAPE_REPRESENTATION_RELATIONSHIP() );
#1963 = ITEM_DEFINED_TRANSFORMATION('','',#11,#1745);
#1964 = PRODUCT_DEFINITION_SHAPE('Placement','Placement of an item',
  #1965);
#1965 = NEXT_ASSEMBLY_USAGE_OCCURRENCE('381','=>[0:1:1:9]','',#1739,
  #1762,$);
#1966 = PRODUCT_RELATED_PRODUCT_CATEGORY('part',$,(#1764));
#1967 = SHAPE_DEFINITION_REPRESENTATION(#1968,#1974);
#1968 = PRODUCT_DEFINITION_SHAPE('','',#1969);
#1969 = PRODUCT_DEFINITION('design','',#1970,#1973);
#1970 = PRODUCT_DEFINITION_FORMATION('','',#1971);
#1971 = PRODUCT('right_end_cap','right_end_cap','',(#1972));
#1972 = PRODUCT_CONTEXT('',#2,'mechanical');
#1973 = PRODUCT_DEFINITION_CONTEXT('part definition',#2,'design');
#1974 = SHAPE_REPRESENTATION('',(#11,#1975),#1979);
#1975 = AXIS2_PLACEMENT_3D('',#1976,#1977,#1978);
#1976 = CARTESIAN_POINT('',(0.,0.,0.));
#1977 = DIRECTION('',(0.,0.,1.));
#1978 = DIRECTION('',(1.,0.,-0.));
#1979 = ( GEOMETRIC_REPRESENTATION_CONTEXT(3) 
GLOBAL_UNCERTAINTY_ASSIGNED_CONTEXT((#1983)) 
GLOBAL_UNIT_ASSIGNED_CONTEXT((#1980,#1981,#1982)) REPRESENTATION_CONTEXT
('Context #1','3D Context with UNIT and UNCERTAINTY') );
#1980 = ( LENGTH_UNIT() NAMED_UNIT(*) SI_UNIT(.MILLI.,.METRE.) );
#1981 = ( NAMED_UNIT(*) PLANE_ANGLE_UNIT() SI_UNIT($,.RADIAN.) );
#1982 = ( NAMED_UNIT(*) SI_UNIT($,.STERADIAN.) SOLID_ANGLE_UNIT() );
#1983 = UNCERTAINTY_MEASURE_WITH_UNIT(LENGTH_MEASURE(1.E-07),#1980,
  'distance_accuracy_value','confusion accuracy');
#1984 = CONTEXT_DEPENDENT_SHAPE_REPRESENTATION(#1985,#1987);
#1985 = ( REPRESENTATION_RELATIONSHIP('','',#1974,#10) 
REPRESENTATION_RELATIONSHIP_WITH_TRANSFORMATION(#1986) 
SHAPE_REPRESENTATION_RELATIONSHIP() );
#1986 = ITEM_DEFINED_TRANSFORMATION('','',#11,#31);
#1987 = PRODUCT_DEFINITION_SHAPE('Placement','Placement of an item',
  #1988);
#1988 = NEXT_ASSEMBLY_USAGE_OCCURRENCE('384','=>[0:1:1:10]','',#5,#1969,
  $);
#1989 = PRODUCT_RELATED_PRODUCT_CATEGORY('part',$,(#1971));
#1990 = SHAPE_DEFINITION_REPRESENTATION(#1991,#1997);
#1991 = PRODUCT_DEFINITION_SHAPE('','',#1992);
#1992 = PRODUCT_DEFINITION('design','',#1993,#1996);
#1993 = PRODUCT_DEFINITION_FORMATION('','',#1994);
#1994 = PRODUCT('SOLID','SOLID','',(#1995));
#1995 = PRODUCT_CONTEXT('',#2,'mechanical');
#1996 = PRODUCT_DEFINITION_CONTEXT('part definition',#2,'design');
#1997 = ADVANCED_BREP_SHAPE_REPRESENTATION('',(#11,#1998),#2186);
#1998 = MANIFOLD_SOLID_BREP('',#1999);
#1999 = CLOSED_SHELL('',(#2000,#2088,#2123,#2127,#2182));
#2000 = ADVANCED_FACE('',(#2001),#2015,.T.);
#2001 = FACE_BOUND('',#2002,.F.);
#2002 = EDGE_LOOP('',(#2003,#2033,#2060,#2061));
#2003 = ORIENTED_EDGE('',*,*,#2004,.T.);
#2004 = EDGE_CURVE('',#2005,#2007,#2009,.T.);
#2005 = VERTEX_POINT('',#2006);
#2006 = CARTESIAN_POINT('',(-5.,13.,0.));
#2007 = VERTEX_POINT('',#2008);
#2008 = CARTESIAN_POINT('',(5.,13.,0.));
#2009 = SEAM_CURVE('',#2010,(#2014,#2026),.PCURVE_S1.);
#2010 = LINE('',#2011,#2012);
#2011 = CARTESIAN_POINT('',(-5.,13.,0.));
#2012 = VECTOR('',#2013,1.);
#2013 = DIRECTION('',(1.,0.,0.));
#2014 = PCURVE('',#2015,#2020);
#2015 = CYLINDRICAL_SURFACE('',#2016,13.);
#2016 = AXIS2_PLACEMENT_3D('',#2017,#2018,#2019);
#2017 = CARTESIAN_POINT('',(-5.,0.,0.));
#2018 = DIRECTION('',(-1.,-0.,-0.));
#2019 = DIRECTION('',(0.,1.,0.));
#2020 = DEFINITIONAL_REPRESENTATION('',(#2021),#2025);
#2021 = LINE('',#2022,#2023);
#2022 = CARTESIAN_POINT('',(-0.,0.));
#2023 = VECTOR('',#2024,1.);
#2024 = DIRECTION('',(-0.,-1.));
#2025 = ( GEOMETRIC_REPRESENTATION_CONTEXT(2) 
PARAMETRIC_REPRESENTATION_CONTEXT() REPRESENTATION_CONTEXT('2D SPACE',''
  ) );
#2026 = PCURVE('',#2015,#2027);
#2027 = DEFINITIONAL_REPRESENTATION('',(#2028),#2032);
#2028 = LINE('',#2029,#2030);
#2029 = CARTESIAN_POINT('',(-6.28318530718,0.));
#2030 = VECTOR('',#2031,1.);
#2031 = DIRECTION('',(-0.,-1.));
#2032 = ( GEOMETRIC_REPRESENTATION_CONTEXT(2) 
PARAMETRIC_REPRESENTATION_CONTEXT() REPRESENTATION_CONTEXT('2D SPACE',''
  ) );
#2033 = ORIENTED_EDGE('',*,*,#2034,.T.);
#2034 = EDGE_CURVE('',#2007,#2007,#2035,.T.);
#2035 = SURFACE_CURVE('',#2036,(#2041,#2048),.PCURVE_S1.);
#2036 = CIRCLE('',#2037,13.);
#2037 = AXIS2_PLACEMENT_3D('',#2038,#2039,#2040);
#2038 = CARTESIAN_POINT('',(5.,0.,0.));
#2039 = DIRECTION('',(1.,0.,0.));
#2040 = DIRECTION('',(0.,1.,0.));
#2041 = PCURVE('',#2015,#2042);
#2042 = DEFINITIONAL_REPRESENTATION('',(#2043),#2047);
#2043 = LINE('',#2044,#2045);
#2044 = CARTESIAN_POINT('',(-0.,-10.));
#2045 = VECTOR('',#2046,1.);
#2046 = DIRECTION('',(-1.,0.));
#2047 = ( GEOMETRIC_REPRESENTATION_CONTEXT(2) 
PARAMETRIC_REPRESENTATION_CONTEXT() REPRESENTATION_CONTEXT('2D SPACE',''
  ) );
#2048 = PCURVE('',#2049,#2054);
#2049 = PLANE('',#2050);
#2050 = AXIS2_PLACEMENT_3D('',#2051,#2052,#2053);
#2051 = CARTESIAN_POINT('',(5.,-4.207508100121E-16,1.152322960418E-15));
#2052 = DIRECTION('',(1.,0.,0.));
#2053 = DIRECTION('',(0.,1.,0.));
#2054 = DEFINITIONAL_REPRESENTATION('',(#2055),#2059);
#2055 = CIRCLE('',#2056,13.);
#2056 = AXIS2_PLACEMENT_2D('',#2057,#2058);
#2057 = CARTESIAN_POINT('',(4.207508100121E-16,-1.152322960418E-15));
#2058 = DIRECTION('',(1.,0.));
#2059 = ( GEOMETRIC_REPRESENTATION_CONTEXT(2) 
PARAMETRIC_REPRESENTATION_CONTEXT() REPRESENTATION_CONTEXT('2D SPACE',''
  ) );
#2060 = ORIENTED_EDGE('',*,*,#2004,.F.);
#2061 = ORIENTED_EDGE('',*,*,#2062,.F.);
#2062 = EDGE_CURVE('',#2005,#2005,#2063,.T.);
#2063 = SURFACE_CURVE('',#2064,(#2069,#2076),.PCURVE_S1.);
#2064 = CIRCLE('',#2065,13.);
#2065 = AXIS2_PLACEMENT_3D('',#2066,#2067,#2068);
#2066 = CARTESIAN_POINT('',(-5.,0.,0.));
#2067 = DIRECTION('',(1.,0.,0.));
#2068 = DIRECTION('',(0.,1.,0.));
#2069 = PCURVE('',#2015,#2070);
#2070 = DEFINITIONAL_REPRESENTATION('',(#2071),#2075);
#2071 = LINE('',#2072,#2073);
#2072 = CARTESIAN_POINT('',(-0.,0.));
#2073 = VECTOR('',#2074,1.);
#2074 = DIRECTION('',(-1.,0.));
#2075 = ( GEOMETRIC_REPRESENTATION_CONTEXT(2) 
PARAMETRIC_REPRESENTATION_CONTEXT() REPRESENTATION_CONTEXT('2D SPACE',''
  ) );
#2076 = PCURVE('',#2077,#2082);
#2077 = PLANE('',#2078);
#2078 = AXIS2_PLACEMENT_3D('',#2079,#2080,#2081);
#2079 = CARTESIAN_POINT('',(-5.,-4.207508100121E-16,1.152322960418E-15)
  );
#2080 = DIRECTION('',(1.,0.,0.));
#2081 = DIRECTION('',(0.,1.,0.));
#2082 = DEFINITIONAL_REPRESENTATION('',(#2083),#2087);
#2083 = CIRCLE('',#2084,13.);
#2084 = AXIS2_PLACEMENT_2D('',#2085,#2086);
#2085 = CARTESIAN_POINT('',(4.207508100121E-16,-1.152322960418E-15));
#2086 = DIRECTION('',(1.,0.));
#2087 = ( GEOMETRIC_REPRESENTATION_CONTEXT(2) 
PARAMETRIC_REPRESENTATION_CONTEXT() REPRESENTATION_CONTEXT('2D SPACE',''
  ) );
#2088 = ADVANCED_FACE('',(#2089,#2092),#2077,.F.);
#2089 = FACE_BOUND('',#2090,.F.);
#2090 = EDGE_LOOP('',(#2091));
#2091 = ORIENTED_EDGE('',*,*,#2062,.T.);
#2092 = FACE_BOUND('',#2093,.F.);
#2093 = EDGE_LOOP('',(#2094));
#2094 = ORIENTED_EDGE('',*,*,#2095,.F.);
#2095 = EDGE_CURVE('',#2096,#2096,#2098,.T.);
#2096 = VERTEX_POINT('',#2097);
#2097 = CARTESIAN_POINT('',(-5.,12.8,0.));
#2098 = SURFACE_CURVE('',#2099,(#2104,#2111),.PCURVE_S1.);
#2099 = CIRCLE('',#2100,12.8);
#2100 = AXIS2_PLACEMENT_3D('',#2101,#2102,#2103);
#2101 = CARTESIAN_POINT('',(-5.,0.,0.));
#2102 = DIRECTION('',(1.,0.,0.));
#2103 = DIRECTION('',(0.,1.,0.));
#2104 = PCURVE('',#2077,#2105);
#2105 = DEFINITIONAL_REPRESENTATION('',(#2106),#2110);
#2106 = CIRCLE('',#2107,12.8);
#2107 = AXIS2_PLACEMENT_2D('',#2108,#2109);
#2108 = CARTESIAN_POINT('',(4.207508100121E-16,-1.152322960418E-15));
#2109 = DIRECTION('',(1.,0.));
#2110 = ( GEOMETRIC_REPRESENTATION_CONTEXT(2) 
PARAMETRIC_REPRESENTATION_CONTEXT() REPRESENTATION_CONTEXT('2D SPACE',''
  ) );
#2111 = PCURVE('',#2112,#2117);
#2112 = CYLINDRICAL_SURFACE('',#2113,12.8);
#2113 = AXIS2_PLACEMENT_3D('',#2114,#2115,#2116);
#2114 = CARTESIAN_POINT('',(-12.,0.,0.));
#2115 = DIRECTION('',(-1.,-0.,-0.));
#2116 = DIRECTION('',(0.,1.,0.));
#2117 = DEFINITIONAL_REPRESENTATION('',(#2118),#2122);
#2118 = LINE('',#2119,#2120);
#2119 = CARTESIAN_POINT('',(-0.,-7.));
#2120 = VECTOR('',#2121,1.);
#2121 = DIRECTION('',(-1.,0.));
#2122 = ( GEOMETRIC_REPRESENTATION_CONTEXT(2) 
PARAMETRIC_REPRESENTATION_CONTEXT() REPRESENTATION_CONTEXT('2D SPACE',''
  ) );
#2123 = ADVANCED_FACE('',(#2124),#2049,.T.);
#2124 = FACE_BOUND('',#2125,.T.);
#2125 = EDGE_LOOP('',(#2126));
#2126 = ORIENTED_EDGE('',*,*,#2034,.T.);
#2127 = ADVANCED_FACE('',(#2128),#2112,.T.);
#2128 = FACE_BOUND('',#2129,.F.);
#2129 = EDGE_LOOP('',(#2130,#2153,#2154,#2155));
#2130 = ORIENTED_EDGE('',*,*,#2131,.T.);
#2131 = EDGE_CURVE('',#2132,#2096,#2134,.T.);
#2132 = VERTEX_POINT('',#2133);
#2133 = CARTESIAN_POINT('',(-12.,12.8,0.));
#2134 = SEAM_CURVE('',#2135,(#2139,#2146),.PCURVE_S1.);
#2135 = LINE('',#2136,#2137);
#2136 = CARTESIAN_POINT('',(-12.,12.8,0.));
#2137 = VECTOR('',#2138,1.);
#2138 = DIRECTION('',(1.,0.,0.));
#2139 = PCURVE('',#2112,#2140);
#2140 = DEFINITIONAL_REPRESENTATION('',(#2141),#2145);
#2141 = LINE('',#2142,#2143);
#2142 = CARTESIAN_POINT('',(-0.,0.));
#2143 = VECTOR('',#2144,1.);
#2144 = DIRECTION('',(-0.,-1.));
#2145 = ( GEOMETRIC_REPRESENTATION_CONTEXT(2) 
PARAMETRIC_REPRESENTATION_CONTEXT() REPRESENTATION_CONTEXT('2D SPACE',''
  ) );
#2146 = PCURVE('',#2112,#2147);
#2147 = DEFINITIONAL_REPRESENTATION('',(#2148),#2152);
#2148 = LINE('',#2149,#2150);
#2149 = CARTESIAN_POINT('',(-6.28318530718,0.));
#2150 = VECTOR('',#2151,1.);
#2151 = DIRECTION('',(-0.,-1.));
#2152 = ( GEOMETRIC_REPRESENTATION_CONTEXT(2) 
PARAMETRIC_REPRESENTATION_CONTEXT() REPRESENTATION_CONTEXT('2D SPACE',''
  ) );
#2153 = ORIENTED_EDGE('',*,*,#2095,.T.);
#2154 = ORIENTED_EDGE('',*,*,#2131,.F.);
#2155 = ORIENTED_EDGE('',*,*,#2156,.F.);
#2156 = EDGE_CURVE('',#2132,#2132,#2157,.T.);
#2157 = SURFACE_CURVE('',#2158,(#2163,#2170),.PCURVE_S1.);
#2158 = CIRCLE('',#2159,12.8);
#2159 = AXIS2_PLACEMENT_3D('',#2160,#2161,#2162);
#2160 = CARTESIAN_POINT('',(-12.,0.,0.));
#2161 = DIRECTION('',(1.,0.,0.));
#2162 = DIRECTION('',(0.,1.,0.));
#2163 = PCURVE('',#2112,#2164);
#2164 = DEFINITIONAL_REPRESENTATION('',(#2165),#2169);
#2165 = LINE('',#2166,#2167);
#2166 = CARTESIAN_POINT('',(-0.,0.));
#2167 = VECTOR('',#2168,1.);
#2168 = DIRECTION('',(-1.,0.));
#2169 = ( GEOMETRIC_REPRESENTATION_CONTEXT(2) 
PARAMETRIC_REPRESENTATION_CONTEXT() REPRESENTATION_CONTEXT('2D SPACE',''
  ) );
#2170 = PCURVE('',#2171,#2176);
#2171 = PLANE('',#2172);
#2172 = AXIS2_PLACEMENT_3D('',#2173,#2174,#2175);
#2173 = CARTESIAN_POINT('',(-12.,-4.273250414186E-16,1.186784198038E-15)
  );
#2174 = DIRECTION('',(1.,0.,0.));
#2175 = DIRECTION('',(0.,1.,0.));
#2176 = DEFINITIONAL_REPRESENTATION('',(#2177),#2181);
#2177 = CIRCLE('',#2178,12.8);
#2178 = AXIS2_PLACEMENT_2D('',#2179,#2180);
#2179 = CARTESIAN_POINT('',(4.273250414186E-16,-1.186784198038E-15));
#2180 = DIRECTION('',(1.,0.));
#2181 = ( GEOMETRIC_REPRESENTATION_CONTEXT(2) 
PARAMETRIC_REPRESENTATION_CONTEXT() REPRESENTATION_CONTEXT('2D SPACE',''
  ) );
#2182 = ADVANCED_FACE('',(#2183),#2171,.F.);
#2183 = FACE_BOUND('',#2184,.F.);
#2184 = EDGE_LOOP('',(#2185));
#2185 = ORIENTED_EDGE('',*,*,#2156,.T.);
#2186 = ( GEOMETRIC_REPRESENTATION_CONTEXT(3) 
GLOBAL_UNCERTAINTY_ASSIGNED_CONTEXT((#2190)) 
GLOBAL_UNIT_ASSIGNED_CONTEXT((#2187,#2188,#2189)) REPRESENTATION_CONTEXT
('Context #1','3D Context with UNIT and UNCERTAINTY') );
#2187 = ( LENGTH_UNIT() NAMED_UNIT(*) SI_UNIT(.MILLI.,.METRE.) );
#2188 = ( NAMED_UNIT(*) PLANE_ANGLE_UNIT() SI_UNIT($,.RADIAN.) );
#2189 = ( NAMED_UNIT(*) SI_UNIT($,.STERADIAN.) SOLID_ANGLE_UNIT() );
#2190 = UNCERTAINTY_MEASURE_WITH_UNIT(LENGTH_MEASURE(1.E-07),#2187,
  'distance_accuracy_value','confusion accuracy');
#2191 = CONTEXT_DEPENDENT_SHAPE_REPRESENTATION(#2192,#2194);
#2192 = ( REPRESENTATION_RELATIONSHIP('','',#1997,#1974) 
REPRESENTATION_RELATIONSHIP_WITH_TRANSFORMATION(#2193) 
SHAPE_REPRESENTATION_RELATIONSHIP() );
#2193 = ITEM_DEFINED_TRANSFORMATION('','',#11,#1975);
#2194 = PRODUCT_DEFINITION_SHAPE('Placement','Placement of an item',
  #2195);
#2195 = NEXT_ASSEMBLY_USAGE_OCCURRENCE('383','=>[0:1:1:11]','',#1969,
  #1992,$);
#2196 = PRODUCT_RELATED_PRODUCT_CATEGORY('part',$,(#1994));
ENDSEC;
END-ISO-10303-21;
